id,section,word,correctAnswer,wrong1,wrong2,wrong3,points,explanation
1,1,history,歴史,stainの意味,橋,割合,1,Section 1 vocabulary
2,1,tie,結びつける,milestoneの意味,比率,easeの意味,1,Section 1 vocabulary
3,1,unite,一体にする,contraryの意味,群衆,congratulationの意味,1,Section 1 vocabulary
4,1,culture,文化,innovationの意味,納得させる,予備の/空いている,1,Section 1 vocabulary
5,1,plant,植物,supporterの意味,surprisinglyの意味,期待する,1,Section 1 vocabulary
6,1,unique,特有の,monopolyの意味,増加する,即時の,1,Section 1 vocabulary
7,1,characteristic,特徴,hybridの意味,輸入する,reinforceの意味,1,Section 1 vocabulary
8,1,matter,問題・物質,出口,災害,enormousの意味,1,Section 1 vocabulary
9,1,taste,味,hostの意味,scandalの意味,memoryの意味,1,Section 1 vocabulary
10,1,table,表,変化,健康な,橋,1,Section 1 vocabulary
11,1,cause,原因・引き起こす,standの意味,circulationの意味,steamの意味,1,Section 1 vocabulary
12,1,account,説明・口座,予備の/空いている,橋,designationの意味,1,Section 1 vocabulary
13,1,fact,事実,focusの意味,castの意味,literaryの意味,1,Section 1 vocabulary
14,1,treat,扱う・治療する,マスメディア,slotの意味,（外国からの）移住/入国,1,Section 1 vocabulary
15,2,raise,上げる・育てる,adjustmentの意味,sadnessの意味,fairlyの意味,1,Section 2 vocabulary
16,2,female,雌の・女性の,statisticの意味,deadlineの意味,indispensableの意味,1,Section 2 vocabulary
17,2,birth,誕生,approximatelyの意味,同意,非難する,1,Section 2 vocabulary
18,2,generate,生み出す,tipの意味,undoubtedlyの意味,routinelyの意味,1,Section 2 vocabulary
19,2,while,〜する間に,commissionの意味,比較,去る・残す,1,Section 2 vocabulary
20,2,meantime,その間,perspectiveの意味,免許,detailの意味,1,Section 2 vocabulary
21,2,leave,去る・残す,moleculeの意味,専門家,swearの意味,1,Section 2 vocabulary
22,2,hunt,狩る,economicsの意味,休む・残り,consistentの意味,1,Section 2 vocabulary
23,2,instead,その代わりに,definitelyの意味,効果的な,acquaintanceの意味,1,Section 2 vocabulary
24,2,guard,守る,wanderの意味,dataの意味,soarの意味,1,Section 2 vocabulary
25,2,secure,安全な・確保する,lordの意味,候補者,性,1,Section 2 vocabulary
26,2,offend,怒らせる,engineの意味,影響を与える,castの意味,1,Section 2 vocabulary
27,3,role,役割,〜によれば,evidenceの意味,現代の,1,Section 3 vocabulary
28,3,healthy,健康な,要求する,味,dementiaの意味,1,Section 3 vocabulary
29,3,healthcare,医療,不可欠の,closelyの意味,coincidenceの意味,1,Section 3 vocabulary
30,3,mammal,哺乳類,建造物/構造,massageの意味,dutyの意味,1,Section 3 vocabulary
31,3,produce,生産する,要求する,守る,accomplishの意味,1,Section 3 vocabulary
32,3,harvest,収穫する,細胞,臓器,harassmentの意味,1,Section 3 vocabulary
33,3,liver,肝臓,interiorの意味,一晩中,emissionの意味,1,Section 3 vocabulary
34,3,never,決して〜ない,contraryの意味,同意,afterwardsの意味,1,Section 3 vocabulary
35,3,none,何もない,transitionの意味,trialの意味,recallの意味,1,Section 3 vocabulary
36,3,nor,〜もまたない,primitiveの意味,組織する,材料,1,Section 3 vocabulary
37,3,elsewhere,他の場所で,recruitの意味,選ぶ,手段,1,Section 3 vocabulary
38,3,suffer,苦しむ,cheatの意味,mudの意味,ceilingの意味,1,Section 3 vocabulary
39,3,struggle,苦闘する,innの意味,adjustmentの意味,valuableの意味,1,Section 3 vocabulary
40,3,victim,犠牲者,終わり,細胞,refreshの意味,1,Section 3 vocabulary
41,3,toll,犠牲・通行料,utterlyの意味,commuteの意味,バレエ,1,Section 3 vocabulary
42,3,sacrifice,犠牲,衣服,無視する,dataの意味,1,Section 3 vocabulary
43,4,western,西洋の,nonethelessの意味,intellectualの意味,信仰/信頼,1,Section 4 vocabulary
44,4,clothes,衣服,colonyの意味,怒らせる,〜する間に,1,Section 4 vocabulary
45,4,convenient,便利な,哺乳類,replyの意味,芸術家,1,Section 4 vocabulary
46,4,helpful,役に立つ,referの意味,swingの意味,上げる・育てる,1,Section 4 vocabulary
47,4,majority,大多数,頼る,認める,accommodationの意味,1,Section 4 vocabulary
48,4,though,〜だけれども,避ける,案内する/案内人,implicitの意味,1,Section 4 vocabulary
49,4,discrimination,差別,幻想,adoreの意味,においがする,1,Section 4 vocabulary
50,4,past,過去の,laborの意味,精神的な,退ける,1,Section 4 vocabulary
51,4,previous,前の,証明する,essentiallyの意味,適応する,1,Section 4 vocabulary
52,4,quite,かなり,専門知識,imagineの意味,donateの意味,1,Section 4 vocabulary
53,4,expensive,高価な,快適さ/慰める,前向きな,患者/忍耐強い,1,Section 4 vocabulary
54,4,afford,余裕がある,信じる,高さ,scandalの意味,1,Section 4 vocabulary
55,4,wealthy,裕福な,逮捕する,blockの意味,一晩中,1,Section 4 vocabulary
56,4,servant,召使い,電極,sailの意味,追加,1,Section 4 vocabulary
57,5,drug,薬・麻薬,talentの意味,empathyの意味,真実,1,Section 5 vocabulary
58,5,means,手段,前方へ/促進する,insuranceの意味,massageの意味,1,Section 5 vocabulary
59,5,body,体,totalの意味,祖先,circleの意味,1,Section 5 vocabulary
60,5,definition,定義,生命の/重要な,犠牲者,worthの意味,1,Section 5 vocabulary
61,5,clearly,明らかに,現在の,pajamasの意味,affordableの意味,1,Section 5 vocabulary
62,5,separate,分ける,modifyの意味,rebelの意味,出席する,1,Section 5 vocabulary
63,5,poison,毒,directlyの意味,眉,edgeの意味,1,Section 5 vocabulary
64,5,carefully,注意深く,commissionの意味,mendの意味,compelの意味,1,Section 5 vocabulary
65,5,control,管理する,〜もまたない,相互作用,組織する,1,Section 5 vocabulary
66,5,alcohol,アルコール,journeyの意味,視力/光景,割合,1,Section 5 vocabulary
67,5,instance,例,相互作用,免疫のある,王国,1,Section 5 vocabulary
68,5,ending,終わり,neglectの意味,playの意味,nonsenseの意味,1,Section 5 vocabulary
69,6,effective,効果的な,能力,regionの意味,indeedの意味,1,Section 6 vocabulary
70,6,efficient,効率的な,displaceの意味,根,人口,1,Section 6 vocabulary
71,6,mask,隠す・仮面,transitionの意味,standardizeの意味,証拠,1,Section 6 vocabulary
72,6,claim,主張する,particleの意味,中心的な,開催する・持つ,1,Section 6 vocabulary
73,6,demand,要求する,革,隠れる/隠す,放射線,1,Section 6 vocabulary
74,6,supply,供給する,sadnessの意味,gatheringの意味,exhaustedの意味,1,Section 6 vocabulary
75,6,false,誤った,acquaintanceの意味,imaginaryの意味,興奮させる,1,Section 6 vocabulary
76,6,fault,欠点・責任,overworkの意味,countrysideの意味,信仰/信頼,1,Section 6 vocabulary
77,6,surround,囲む,男性,採用する,coincidenceの意味,1,Section 6 vocabulary
78,6,tighten,きつく締める,燃料,relationの意味,含む,1,Section 6 vocabulary
79,6,cheek,頬,職業,profoundの意味,chiefの意味,1,Section 6 vocabulary
80,6,pull,引く,talentの意味,性別,symbolicの意味,1,Section 6 vocabulary
81,6,upward,上向きに,去る・残す,obesityの意味,settleの意味,1,Section 6 vocabulary
82,6,eyebrow,眉,予約する,designationの意味,状態,1,Section 6 vocabulary
83,6,slightly,わずかに,親密な,rigidの意味,議論する/討論,1,Section 6 vocabulary
84,6,prove,証明する,行動,soreの意味,反対する,1,Section 6 vocabulary
85,7,gene,遺伝子,subjectの意味,召使い,大気,1,Section 7 vocabulary
86,7,basic,基本的な,脅威,hookの意味,割合,1,Section 7 vocabulary
87,7,cell,細胞,薬・麻薬,sequenceの意味,impressionの意味,1,Section 7 vocabulary
88,7,pass,通過する,裁判官,linguisticの意味,voterの意味,1,Section 7 vocabulary
89,7,behavior,行動,renewの意味,relationの意味,rigidの意味,1,Section 7 vocabulary
90,7,experiment,実験,incidentの意味,分類する,住む,1,Section 7 vocabulary
91,7,end,終わり,settleの意味,完成させる,comedyの意味,1,Section 7 vocabulary
92,7,basis,基礎,体,促す,medievalの意味,1,Section 7 vocabulary
93,7,premise,前提,芸術家,deliberatelyの意味,創造的な,1,Section 7 vocabulary
94,7,action,行動,感情,recruitの意味,共通の,1,Section 7 vocabulary
95,7,like,好む・〜のような,accidentallyの意味,playの意味,accumulateの意味,1,Section 7 vocabulary
96,7,dislike,嫌う,shelterの意味,indispensableの意味,大気,1,Section 7 vocabulary
97,7,researcher,研究者,expeditionの意味,文化,機会,1,Section 7 vocabulary
98,7,research,研究,いくぶん,身体の,罰,1,Section 7 vocabulary
99,7,survey,調査,輸出する,普通の,その間,1,Section 7 vocabulary
100,7,variation,変化・差異,専門知識,wanderの意味,exhaustedの意味,1,Section 7 vocabulary
101,7,vary,異なる,燃料,pursueの意味,現代の,1,Section 7 vocabulary
102,7,differ,異なる,transferの意味,示す,説得する,1,Section 7 vocabulary
103,7,particular,特定の,dampの意味,superviseの意味,recallの意味,1,Section 7 vocabulary
104,7,partly,部分的に,accomplishmentの意味,物語,政治の,1,Section 7 vocabulary
105,7,partial,部分的な,modifyの意味,portrayの意味,shiftの意味,1,Section 7 vocabulary
106,7,suggest,提案する・示唆する,症状,riskの意味,戻る,1,Section 7 vocabulary
107,7,explain,説明する,納得させる,desperateの意味,employmentの意味,1,Section 7 vocabulary
108,7,narrative,物語,insertの意味,initialの意味,standの意味,1,Section 7 vocabulary
109,7,influence,影響,lordの意味,afraidの意味,foundationの意味,1,Section 7 vocabulary
110,8,gender,性別,missionaryの意味,shortlyの意味,exerciseの意味,1,Section 8 vocabulary
111,8,sex,性,standの意味,aspectの意味,原因,1,Section 8 vocabulary
112,8,bias,偏見,amusementの意味,苦しむ,野菜,1,Section 8 vocabulary
113,8,prejudice,偏見,回転/革命,所属している,主要な,1,Section 8 vocabulary
114,8,stereotype,固定観念,refreshの意味,予約する,overworkの意味,1,Section 8 vocabulary
115,8,deeply,深く,archaeologistの意味,情熱,不安な,1,Section 8 vocabulary
116,8,shallow,浅い,navigateの意味,emphasizeの意味,誤った,1,Section 8 vocabulary
117,8,root,根,認める,移動する,罰する,1,Section 8 vocabulary
118,8,stem,茎・由来する,資金,出席する,反応する,1,Section 8 vocabulary
119,8,professional,専門的な,心配・関係する,endlessの意味,輸出する,1,Section 8 vocabulary
120,8,occupation,職業,triumphの意味,economicalの意味,臓器,1,Section 8 vocabulary
121,8,occupy,占める,gapeの意味,感染させる,cruelの意味,1,Section 8 vocabulary
122,8,similar,似ている,個人の/個人,eraの意味,熱望して,1,Section 8 vocabulary
123,8,alike,似ている,役割,modificationの意味,isolatedの意味,1,Section 8 vocabulary
124,8,resemble,似ている,大気,情熱,維持する/主張する,1,Section 8 vocabulary
125,8,decade,10年間,trivialの意味,establishの意味,confrontの意味,1,Section 8 vocabulary
126,8,perception,認識,覚えている,educationalの意味,男性,1,Section 8 vocabulary
127,8,recognize,認識する,particleの意味,怒らせる,illustrationの意味,1,Section 8 vocabulary
128,8,ballet,バレエ,coreの意味,surprisinglyの意味,地球規模の,1,Section 8 vocabulary
129,8,invite,招待する,臓器,減らす,不思議に思う,1,Section 8 vocabulary
130,8,occasion,機会,疑わしい,reviveの意味,currencyの意味,1,Section 8 vocabulary
131,8,challenge,課題・挑戦,levelの意味,surprisinglyの意味,最新の/最も遅く,1,Section 8 vocabulary
132,8,dare,あえて〜する,hemisphereの意味,思い出させる,叫ぶ,1,Section 8 vocabulary
133,8,hold,開催する・持つ,不安な,coreの意味,graveの意味,1,Section 8 vocabulary
134,9,reserve,予約する,overtimeの意味,receptionの意味,終わり,1,Section 9 vocabulary
135,9,cancel,取り消す,かなり,clayの意味,即時の,1,Section 9 vocabulary
136,9,excite,興奮させる,statisticsの意味,guidelineの意味,取り消す,1,Section 9 vocabulary
137,9,astonish,驚かせる,literaryの意味,convertの意味,circleの意味,1,Section 9 vocabulary
138,9,rather,むしろ・かなり,refineの意味,practicallyの意味,疑わしい,1,Section 9 vocabulary
139,9,somewhat,いくぶん,theoryの意味,firmの意味,整える,1,Section 9 vocabulary
140,9,slim,細い,processの意味,薄い・細い,割合,1,Section 9 vocabulary
141,9,lean,傾く,adorableの意味,汗/汗をかく,authenticの意味,1,Section 9 vocabulary
142,9,thin,薄い・細い,所属している,取り除く,transferの意味,1,Section 9 vocabulary
143,9,courageous,勇敢な,aspectの意味,memoryの意味,sensibleの意味,1,Section 9 vocabulary
144,9,bold,大胆な,admireの意味,免疫のある,cruelの意味,1,Section 9 vocabulary
145,10,include,含む,衣服,unlockの意味,economicsの意味,1,Section 10 vocabulary
146,10,exclusive,排他的な,economicsの意味,contrastの意味,親戚,1,Section 10 vocabulary
147,10,rid,取り除く,明らかな,減らす,declineの意味,1,Section 10 vocabulary
148,10,according,〜によれば,deliverの意味,peerの意味,裕福な,1,Section 10 vocabulary
149,10,medical,医学の,保証する,opposeの意味,verticalの意味,1,Section 10 vocabulary
150,10,expert,専門家,receptionの意味,前方へ/促進する,回転/革命,1,Section 10 vocabulary
151,10,expertise,専門知識,delicateの意味,力,missの意味,1,Section 10 vocabulary
152,10,normal,普通の,薄い・細い,完成させる,resortの意味,1,Section 10 vocabulary
153,10,ordinary,普通の,大学生,達成する,出口,1,Section 10 vocabulary
154,10,adult,大人,innの意味,発展,adventureの意味,1,Section 10 vocabulary
155,10,adolescent,青年期の,心配・関係する,mostlyの意味,transitionの意味,1,Section 10 vocabulary
156,10,ratio,比率,reviveの意味,contrastの意味,頼る,1,Section 10 vocabulary
157,10,proportion,割合,surprisinglyの意味,overworkの意味,快適さ/慰める,1,Section 10 vocabulary
158,10,clear,明らかな,figureの意味,boardの意味,適した,1,Section 10 vocabulary
159,10,vague,あいまいな,予備の/空いている,routinelyの意味,beautyの意味,1,Section 10 vocabulary
160,10,believe,信じる,navigateの意味,選ぶ,memoryの意味,1,Section 10 vocabulary
161,10,religion,宗教,spinの意味,panelの意味,inhabitの意味,1,Section 10 vocabulary
162,10,credit,信用・功績,電極,lordの意味,組織する,1,Section 10 vocabulary
163,10,immune,免疫のある,humbleの意味,近づく,cloneの意味,1,Section 10 vocabulary
164,10,common,共通の,嫌う,leadershipの意味,性,1,Section 10 vocabulary
165,10,virus,ウイルス,regionの意味,emissionの意味,根,1,Section 10 vocabulary
166,10,bacteria,細菌,後を追う,減らす,減少する,1,Section 10 vocabulary
167,10,minute,微小な・分,空想,発見する,芸術家,1,Section 10 vocabulary
168,10,once,一度,acquaintanceの意味,fragileの意味,diabetesの意味,1,Section 10 vocabulary
169,10,infect,感染させる,問題,designationの意味,slipの意味,1,Section 10 vocabulary
170,10,rest,休む・残り,幻想,navigateの意味,歴史,1,Section 10 vocabulary
171,10,entirely,完全に,問題,frequentの意味,lengthの意味,1,Section 10 vocabulary
172,11,populate,住む,性,tokenの意味,worthの意味,1,Section 11 vocabulary
173,11,population,人口,regimeの意味,impulseの意味,味,1,Section 11 vocabulary
174,11,organ,臓器,状態,roarの意味,ますます,1,Section 11 vocabulary
175,11,organize,組織する,initialの意味,infiniteの意味,肝臓,1,Section 11 vocabulary
176,11,arrange,整える,方法,高価な,薄い・細い,1,Section 11 vocabulary
177,11,vegetable,野菜,embarkの意味,accompanyの意味,prosperityの意味,1,Section 11 vocabulary
178,11,increase,増加する,imaginativeの意味,ownerの意味,adventureの意味,1,Section 11 vocabulary
179,11,probably,おそらく,linguisticの意味,ポンプ,認識する,1,Section 11 vocabulary
180,11,alone,一人で,districtの意味,不安な,invasionの意味,1,Section 11 vocabulary
181,11,neighborhood,近所,roarの意味,環境,肝臓,1,Section 11 vocabulary
182,11,pocket,ポケット,観察する/守る,重要な,打つ,1,Section 11 vocabulary
183,11,preserve,保存する,肝臓,scratchの意味,追加,1,Section 11 vocabulary
184,11,agriculture,農業,investigateの意味,corporateの意味,commandの意味,1,Section 11 vocabulary
185,11,currently,現在,commandの意味,scratchの意味,好きで,1,Section 11 vocabulary
186,11,average,平均の,信用・功績,availableの意味,undoubtedlyの意味,1,Section 11 vocabulary
187,11,environmental,環境の,injuryの意味,効率的な,あえて〜する,1,Section 11 vocabulary
188,11,conservation,保護,怒らせる,assumeの意味,dramaticの意味,1,Section 11 vocabulary
189,11,cost,費用,underlineの意味,summarizeの意味,chiefの意味,1,Section 11 vocabulary
190,11,budget,予算,revealの意味,forkの意味,contraryの意味,1,Section 11 vocabulary
191,12,addition,追加,noisyの意味,主要な,distinctionの意味,1,Section 12 vocabulary
192,12,average,平均の,contraryの意味,resortの意味,subscribeの意味,1,Section 12 vocabulary
193,12,environmental,環境の,pauseの意味,featureの意味,deliberatelyの意味,1,Section 12 vocabulary
194,12,conservation,保護,費用,性,可能な,1,Section 12 vocabulary
195,12,cost,費用,damageの意味,自信がある,不思議に思う,1,Section 12 vocabulary
196,12,budget,予算,centerの意味,役割,建設する,1,Section 12 vocabulary
197,12,consider,考える,鋭い,worthの意味,dramaticの意味,1,Section 12 vocabulary
198,12,likely,ありそうな,費やす,restoreの意味,dangerousの意味,1,Section 12 vocabulary
199,12,comparison,比較,outweighの意味,革,innovationの意味,1,Section 12 vocabulary
200,12,compare,比較する,talentの意味,定義する,ユーモア,1,Section 12 vocabulary
201,12,complete,完成させる,行動,mudの意味,例,1,Section 12 vocabulary
202,12,comparable,比較できる,infinitelyの意味,普通の,directlyの意味,1,Section 12 vocabulary
203,12,quality,質,affordableの意味,fierceの意味,objectの意味,1,Section 12 vocabulary
204,12,immediate,即時の,反対する,packの意味,trivialの意味,1,Section 12 vocabulary
205,12,constantly,絶えず,insertの意味,arrayの意味,portrayの意味,1,Section 12 vocabulary
206,13,principle,原理,取り消す,役割,cloneの意味,1,Section 13 vocabulary
207,13,consent,同意,attributeの意味,決して〜ない,boardの意味,1,Section 13 vocabulary
208,13,urge,促す,議論する/討論,desirableの意味,emergeの意味,1,Section 13 vocabulary
209,13,physical,身体の,instantlyの意味,通訳する/解釈する,navigateの意味,1,Section 13 vocabulary
210,13,pump,ポンプ,educationalの意味,珍しい,districtの意味,1,Section 13 vocabulary
211,13,postpone,延期する,dimensionの意味,imaginativeの意味,soldierの意味,1,Section 13 vocabulary
212,13,wonder,不思議に思う,clickの意味,amusementの意味,unexpectedの意味,1,Section 13 vocabulary
213,13,beg,頼む,commandの意味,tokenの意味,shelterの意味,1,Section 13 vocabulary
214,13,technique,技術,geniusの意味,燃える,手段,1,Section 13 vocabulary
215,13,admit,認める,schemeの意味,coincidenceの意味,収穫する,1,Section 13 vocabulary
216,13,disaster,災害,宮殿,時々,電極,1,Section 13 vocabulary
217,13,obstacle,障害,pajamasの意味,packの意味,感情,1,Section 13 vocabulary
218,13,interaction,相互作用,明白な/質素な,興奮させる,pajamasの意味,1,Section 13 vocabulary
219,13,transaction,取引,guidelineの意味,信頼できる,calculationの意味,1,Section 13 vocabulary
220,13,bite,かむ,住む,薬・麻薬,購入する,1,Section 13 vocabulary
221,13,angry,怒った,gatheringの意味,免許,accomplishの意味,1,Section 13 vocabulary
222,13,irritate,いらだたせる,扱う・治療する,adventureの意味,主張する,1,Section 13 vocabulary
223,13,disorder,障害,equivalentの意味,impulseの意味,職業,1,Section 13 vocabulary
224,13,dismiss,退ける,phraseの意味,regionの意味,toolの意味,1,Section 13 vocabulary
225,14,necessary,必要な,internetの意味,contraryの意味,哲学,1,Section 14 vocabulary
226,14,doubtful,疑わしい,調査する,confineの意味,supernaturalの意味,1,Section 14 vocabulary
227,14,inevitable,避けられない,気温,statisticsの意味,信用・功績,1,Section 14 vocabulary
228,14,concern,心配・関係する,rumorの意味,おそらく,compoundの意味,1,Section 14 vocabulary
229,14,anxious,不安な,standの意味,親密な,いくぶん,1,Section 14 vocabulary
230,14,increasingly,ますます,transformの意味,deliberatelyの意味,evidenceの意味,1,Section 14 vocabulary
231,14,spend,費やす,roastの意味,attributeの意味,primarilyの意味,1,Section 14 vocabulary
232,14,electrode,電極,輸入する,presentの意味,取引,1,Section 14 vocabulary
233,14,outlook,見通し,哲学,acidの意味,電極,1,Section 14 vocabulary
234,14,suitable,適した,期間,裕福な,collectiveの意味,1,Section 14 vocabulary
235,14,contact,接触,permanentlyの意味,調査する,soreの意味,1,Section 14 vocabulary
236,14,power,力,普通の,アルコール,ゆるい,1,Section 14 vocabulary
237,14,appropriate,適切な,収穫する,責任がある,材料,1,Section 14 vocabulary
238,15,uncertain,不確かな,accumulateの意味,balanceの意味,contributeの意味,1,Section 15 vocabulary
239,15,guarantee,保証する,歴史,embarkの意味,wanderの意味,1,Section 15 vocabulary
240,15,confirm,確認する,バイリンガル,においがする,offspringの意味,1,Section 15 vocabulary
241,15,convince,納得させる,dawnの意味,overtimeの意味,宮殿,1,Section 15 vocabulary
242,15,persuade,説得する,適応する,archaeologistの意味,emergeの意味,1,Section 15 vocabulary
243,15,species,種,backwardの意味,diagnoseの意味,方言,1,Section 15 vocabulary
244,15,classify,分類する,emergeの意味,通過する,親切/好意,1,Section 15 vocabulary
245,15,period,期間,enormousの意味,状態,fierceの意味,1,Section 15 vocabulary
246,15,occurrence,発生,消化する,社会,squeezeの意味,1,Section 15 vocabulary
247,15,strike,打つ,gapeの意味,tokenの意味,accelerateの意味,1,Section 15 vocabulary
248,15,kingdom,王国,pajamasの意味,adequateの意味,呼吸する,1,Section 15 vocabulary
249,15,general,一般的な,静かな,accomplishの意味,占める,1,Section 15 vocabulary
250,15,main,主要な,reviveの意味,graveの意味,symbolicの意味,1,Section 15 vocabulary
251,15,largely,主に,親切/好意,tipの意味,phraseの意味,1,Section 15 vocabulary
252,15,mystery,謎,大胆な,communicationの意味,文化,1,Section 15 vocabulary
253,16,challenge,課題・挑戦,livelihoodの意味,例,distressの意味,1,Section 16 vocabulary
254,16,relation,relationの意味,directlyの意味,種,かなり,1,Section 16 vocabulary
255,16,range,rangeの意味,resolveの意味,calculationの意味,体,1,Section 16 vocabulary
256,16,global,地球規模の,countrysideの意味,stabilityの意味,industryの意味,1,Section 16 vocabulary
257,16,foundation,foundationの意味,明らかな,renewの意味,carveの意味,1,Section 16 vocabulary
258,16,structure,建造物/構造,機会,voyageの意味,misunderstandingの意味,1,Section 16 vocabulary
259,16,individual,個人の/個人,affordableの意味,luggageの意味,ため息をつく,1,Section 16 vocabulary
260,16,commercial,商業の/CM,疑わしい,swingの意味,一度,1,Section 16 vocabulary
261,16,notion,notionの意味,criterionの意味,採用する,期待する,1,Section 16 vocabulary
262,17,acid,acidの意味,原理,displaceの意味,whisperの意味,1,Section 17 vocabulary
263,17,philosophy,哲学,temporaryの意味,invasionの意味,大人,1,Section 17 vocabulary
264,17,affect,影響を与える,slideの意味,boardの意味,predictionの意味,1,Section 17 vocabulary
265,17,general,一般的な,vividの意味,哲学,gapeの意味,1,Section 17 vocabulary
266,17,height,高さ,記録する,形成する,裁判官,1,Section 17 vocabulary
267,17,distribute,distributeの意味,調整する,shortlyの意味,economicsの意味,1,Section 17 vocabulary
268,17,interfere,interfereの意味,stainの意味,wireの意味,tragicの意味,1,Section 17 vocabulary
269,17,internet,internetの意味,heapの意味,pileの意味,dilemmaの意味,1,Section 17 vocabulary
270,17,sharp,鋭い,逮捕する,curveの意味,regionの意味,1,Section 17 vocabulary
271,17,extremely,extremelyの意味,illustrationの意味,composeの意味,criterionの意味,1,Section 17 vocabulary
272,17,plain,明白な/質素な,rumorの意味,admireの意味,equivalentの意味,1,Section 17 vocabulary
273,17,sore,soreの意味,missionaryの意味,取り除く,encloseの意味,1,Section 17 vocabulary
274,17,distress,distressの意味,追加,許可する,ポケット,1,Section 17 vocabulary
275,17,permanently,permanentlyの意味,ecosystemの意味,逃れる,いくぶん,1,Section 17 vocabulary
276,17,slip,slipの意味,agentの意味,主張する,indispensableの意味,1,Section 17 vocabulary
277,17,swear,swearの意味,予約する,発展,feedbackの意味,1,Section 17 vocabulary
278,18,remedy,remedyの意味,milestoneの意味,専門知識,要求する,1,Section 18 vocabulary
279,18,digest,消化する,pauseの意味,circulationの意味,王国,1,Section 18 vocabulary
280,18,reduce,減らす,疑わしい,castの意味,〜もまたない,1,Section 18 vocabulary
281,18,decline,declineの意味,accomplishmentの意味,野菜,叫ぶ,1,Section 18 vocabulary
282,18,symptom,症状,可能な,静かな,injuryの意味,1,Section 18 vocabulary
283,18,comfort,快適さ/慰める,精神的な,featureの意味,voyageの意味,1,Section 18 vocabulary
284,18,labor,laborの意味,sensibleの意味,厳しい,innの意味,1,Section 18 vocabulary
285,18,fork,forkの意味,adventureの意味,植物,accomplishの意味,1,Section 18 vocabulary
286,18,fiction,fictionの意味,減少する,直接の,fragileの意味,1,Section 18 vocabulary
287,18,possibly,possiblyの意味,acquaintanceの意味,不思議に思う,contemporaryの意味,1,Section 18 vocabulary
288,18,somehow,somehowの意味,期間,障害,外で/外の,1,Section 18 vocabulary
289,18,trash,ごみ,自信がある,pathの意味,authorの意味,1,Section 18 vocabulary
290,18,odd,奇妙な/奇数の,steamの意味,distinctionの意味,dominateの意味,1,Section 18 vocabulary
291,18,definitely,definitelyの意味,扱う・治療する,limitationの意味,ポンプ,1,Section 18 vocabulary
292,18,squeeze,squeezeの意味,verticalの意味,desperateの意味,humbleの意味,1,Section 18 vocabulary
293,18,pack,packの意味,possiblyの意味,ポンプ,discriminateの意味,1,Section 18 vocabulary
294,19,declare,declareの意味,reviveの意味,closeの意味,resumeの意味,1,Section 19 vocabulary
295,19,announce,発表する,graceの意味,memoryの意味,表,1,Section 19 vocabulary
296,19,talent,talentの意味,castの意味,職業,injuryの意味,1,Section 19 vocabulary
297,19,backward,backwardの意味,思い出させる,aspirationの意味,economicalの意味,1,Section 19 vocabulary
298,19,ceiling,ceilingの意味,invasionの意味,政治の,tackleの意味,1,Section 19 vocabulary
299,19,perform,実行する,shelterの意味,管理する,feedbackの意味,1,Section 19 vocabulary
300,19,initial,initialの意味,発生,exerciseの意味,移住,1,Section 19 vocabulary
301,19,plain,明白な/質素な,近所,automobileの意味,分類する,1,Section 19 vocabulary
302,19,variation,変化・差異,外で/外の,維持する,adjustmentの意味,1,Section 19 vocabulary
303,19,active,activeの意味,ゆるい,merelyの意味,cloneの意味,1,Section 19 vocabulary
304,20,creative,創造的な,steamの意味,lordの意味,幻想,1,Section 20 vocabulary
305,20,hook,hookの意味,wireの意味,notionの意味,indeedの意味,1,Section 20 vocabulary
306,20,define,定義する,記録する,信仰/信頼,変化・差異,1,Section 20 vocabulary
307,20,chief,chiefの意味,reinforceの意味,保証する,材料,1,Section 20 vocabulary
308,20,dangerous,dangerousの意味,許可する,figureの意味,薬・麻薬,1,Section 20 vocabulary
309,20,emerge,emergeの意味,〜する間に,currencyの意味,裕福な,1,Section 20 vocabulary
310,20,fierce,fierceの意味,comprehensionの意味,必要な,民族の,1,Section 20 vocabulary
311,20,articulate,articulateの意味,admireの意味,完成させる,定義,1,Section 20 vocabulary
312,20,vocal,vocalの意味,knightの意味,adjacentの意味,geniusの意味,1,Section 20 vocabulary
313,20,comprehension,comprehensionの意味,すばらしい,harassmentの意味,agencyの意味,1,Section 20 vocabulary
314,20,conflict,conflictの意味,wanderの意味,相互作用,overworkの意味,1,Section 20 vocabulary
315,20,evidence,evidenceの意味,adequateの意味,donateの意味,abandonの意味,1,Section 20 vocabulary
316,21,assign,assignの意味,症状,assertの意味,輸送する,1,Section 21 vocabulary
317,21,data,dataの意味,coreの意味,謙虚な,prominentの意味,1,Section 21 vocabulary
318,21,output,outputの意味,一晩中,assignの意味,（外国からの）移住/入国,1,Section 21 vocabulary
319,21,command,commandの意味,確認する,固定観念,不思議に思う,1,Section 21 vocabulary
320,21,exclusive,排他的な,livelihoodの意味,ceilingの意味,差別,1,Section 21 vocabulary
321,21,sensitive,sensitiveの意味,transferの意味,clayの意味,enhanceの意味,1,Section 21 vocabulary
322,22,follow,後を追う,比率,事実,輸出する,1,Section 22 vocabulary
323,22,obey,従う,contributeの意味,acidの意味,minimizeの意味,1,Section 22 vocabulary
324,22,signal,signalの意味,発生,neglectの意味,obesityの意味,1,Section 22 vocabulary
325,22,compound,compoundの意味,頼る,西洋の,哲学,1,Section 22 vocabulary
326,22,hybrid,hybridの意味,dawnの意味,安全な・確保する,輸出する,1,Section 22 vocabulary
327,22,permit,許可する,conflictの意味,interfereの意味,notionの意味,1,Section 22 vocabulary
328,22,burn,燃える,進んで?する,注意深く,その間,1,Section 22 vocabulary
329,22,political,政治の,laborの意味,convertの意味,authenticの意味,1,Section 22 vocabulary
330,22,excellent,すばらしい,共通の,assignの意味,pillowの意味,1,Section 22 vocabulary
331,22,detect,detectの意味,accompanyの意味,生命の/重要な,不安な,1,Section 22 vocabulary
332,22,oppose,opposeの意味,accumulateの意味,shelterの意味,discloseの意味,1,Section 22 vocabulary
333,22,sensitive,sensitiveの意味,芸術家,confineの意味,バイリンガル,1,Section 22 vocabulary
334,23,bridge,橋,disciplineの意味,輸送する,pajamasの意味,1,Section 23 vocabulary
335,23,construct,建設する,期待する,準備する,replyの意味,1,Section 23 vocabulary
336,23,alternative,alternativeの意味,unlikelyの意味,moodの意味,真実,1,Section 23 vocabulary
337,23,govern,支配する,guidelineの意味,conceiveの意味,moodの意味,1,Section 23 vocabulary
338,23,process,processの意味,knightの意味,perspectiveの意味,災害,1,Section 23 vocabulary
339,23,perspective,perspectiveの意味,machineの意味,hopefulの意味,humbleの意味,1,Section 23 vocabulary
340,23,significant,重要な,アルコール,革,familyの意味,1,Section 23 vocabulary
341,23,data,dataの意味,言葉の,深い悲しみ,個人的な,1,Section 23 vocabulary
342,23,output,outputの意味,固定観念,説明する,出席する,1,Section 23 vocabulary
343,23,command,commandの意味,証明する,soldierの意味,plagueの意味,1,Section 23 vocabulary
344,24,collective,collectiveの意味,medievalの意味,tackleの意味,insuranceの意味,1,Section 24 vocabulary
345,24,adjacent,adjacentの意味,figureの意味,commandの意味,西洋の,1,Section 24 vocabulary
346,24,adopt,採用する,symbolicの意味,その間に,firmの意味,1,Section 24 vocabulary
347,24,adjust,調整する,記録する,impressionの意味,workforceの意味,1,Section 24 vocabulary
348,24,owner,ownerの意味,幻想,維持する,calculationの意味,1,Section 24 vocabulary
349,24,monopoly,monopolyの意味,公の/一般の人,青年期の,発見する,1,Section 24 vocabulary
350,24,impulse,impulseの意味,epidemicの意味,よく知っている,outstandingの意味,1,Section 24 vocabulary
351,24,next,nextの意味,forkの意味,diabetesの意味,brieflyの意味,1,Section 24 vocabulary
352,24,adapt,適応する,通訳する/解釈する,illustrationの意味,微小な・分,1,Section 24 vocabulary
353,24,object,objectの意味,叫ぶ,一般的な,brieflyの意味,1,Section 24 vocabulary
354,25,focus,focusの意味,talentの意味,levelの意味,damageの意味,1,Section 25 vocabulary
355,25,stability,stabilityの意味,presentの意味,問題・物質,休む・残り,1,Section 25 vocabulary
356,25,detail,detailの意味,neglectの意味,財政の,overworkの意味,1,Section 25 vocabulary
357,25,criterion,criterionの意味,バイリンガル,鋭い,issueの意味,1,Section 25 vocabulary
358,25,basis,基礎,上げる・育てる,symbolicの意味,empathyの意味,1,Section 25 vocabulary
359,25,independent,independentの意味,振る舞う,能力,輸送する,1,Section 25 vocabulary
360,25,loose,ゆるい,現代の,ritualの意味,distinctionの意味,1,Section 25 vocabulary
361,25,conservation,保護,時々,highlightの意味,成績/等級,1,Section 25 vocabulary
362,26,theory,theoryの意味,easeの意味,longevityの意味,大気,1,Section 26 vocabulary
363,26,assume,assumeの意味,feedingの意味,reviveの意味,集中する,1,Section 26 vocabulary
364,26,judge,裁判官,laborの意味,かなり,discloseの意味,1,Section 26 vocabulary
365,26,series,seriesの意味,住む,味,geniusの意味,1,Section 26 vocabulary
366,26,sequence,sequenceの意味,ウイルス,afterwardsの意味,深く,1,Section 26 vocabulary
367,26,livelihood,livelihoodの意味,remedyの意味,cycleの意味,延期する,1,Section 26 vocabulary
368,26,license,免許,lengthの意味,economicalの意味,候補者,1,Section 26 vocabulary
369,26,worth,worthの意味,mendの意味,罰する,原因,1,Section 26 vocabulary
370,27,gradually,graduallyの意味,literallyの意味,固定観念,予約する,1,Section 27 vocabulary
371,27,decline,declineの意味,生み出す,細胞,imagineの意味,1,Section 27 vocabulary
372,27,rational,rationalの意味,rapidの意味,生命の/重要な,あえて〜する,1,Section 27 vocabulary
373,27,civilization,文明,relieveの意味,massageの意味,ゆるい,1,Section 27 vocabulary
374,27,educational,educationalの意味,保護する,一体にする,前の,1,Section 27 vocabulary
375,27,discipline,disciplineの意味,準備する,結びつける,possiblyの意味,1,Section 27 vocabulary
376,27,grade,成績/等級,現在の,政治の,振る舞う,1,Section 27 vocabulary
377,27,clone,cloneの意味,一晩中,ユーモア,ゆるい,1,Section 27 vocabulary
378,27,adventure,adventureの意味,明白な/質素な,germの意味,rebelの意味,1,Section 27 vocabulary
379,27,figure,figureの意味,processの意味,整える,sanctuaryの意味,1,Section 27 vocabulary
380,27,soldier,soldierの意味,眉,臓器,子孫,1,Section 27 vocabulary
381,28,slide,slideの意味,mediterraneanの意味,misunderstandingの意味,sailの意味,1,Section 28 vocabulary
382,28,material,材料,あいまいな,地球規模の,信用・功績,1,Section 28 vocabulary
383,28,foundation,foundationの意味,calculationの意味,imaginaryの意味,permanentlyの意味,1,Section 28 vocabulary
384,28,infrastructure,infrastructureの意味,役に立つ,frequentの意味,adjustmentの意味,1,Section 28 vocabulary
385,28,enhance,enhanceの意味,essentiallyの意味,milestoneの意味,levelの意味,1,Section 28 vocabulary
386,28,boost,boostの意味,employmentの意味,政治の,普通の,1,Section 28 vocabulary
387,28,reinforce,reinforceの意味,clinicianの意味,rigidの意味,inhabitの意味,1,Section 28 vocabulary
388,28,prediction,predictionの意味,schemeの意味,limitationの意味,conceptの意味,1,Section 28 vocabulary
389,28,conflict,conflictの意味,rebelの意味,slotの意味,方法,1,Section 28 vocabulary
390,29,intellectual,intellectualの意味,他の場所で,clayの意味,苦しむ,1,Section 29 vocabulary
391,29,literally,literallyの意味,祖先,congressionの意味,verticalの意味,1,Section 29 vocabulary
392,29,literary,literaryの意味,economicsの意味,rangeの意味,建造物/構造,1,Section 29 vocabulary
393,29,theory,theoryの意味,災害,overlookの意味,primitiveの意味,1,Section 29 vocabulary
394,29,weight,weightの意味,問題,逃れる,arrayの意味,1,Section 29 vocabulary
395,29,iron,ironの意味,乗客,証拠,心配・関係する,1,Section 29 vocabulary
396,29,outweigh,outweighの意味,定義,discriminateの意味,encloseの意味,1,Section 29 vocabulary
397,29,obesity,obesityの意味,証明する,difficultの意味,expeditionの意味,1,Section 29 vocabulary
398,30,benefit,利益,採用する,independentの意味,茎・由来する,1,Section 30 vocabulary
399,30,available,availableの意味,boostの意味,誕生,humbleの意味,1,Section 30 vocabulary
400,30,concentrate,集中する,moodの意味,分類する,replyの意味,1,Section 30 vocabulary
401,30,valuable,valuableの意味,一般的な,possiblyの意味,designationの意味,1,Section 30 vocabulary
402,30,designation,designationの意味,結合する,equivalentの意味,特別な,1,Section 30 vocabulary
403,30,discriminate,discriminateの意味,費やす,familyの意味,隠れる/隠す,1,Section 30 vocabulary
404,30,desirable,desirableの意味,表,missionaryの意味,accomplishmentの意味,1,Section 30 vocabulary
405,31,hydrogen,hydrogenの意味,balanceの意味,終わり,特定の,1,Section 31 vocabulary
406,31,block,blockの意味,attachの意味,雌の・女性の,portrayの意味,1,Section 31 vocabulary
407,31,grid,gridの意味,宮殿,brilliantの意味,追加,1,Section 31 vocabulary
408,31,matter,問題・物質,細い,予約する,考える,1,Section 31 vocabulary
409,31,radiation,放射線,においがする,freedomの意味,古代の,1,Section 31 vocabulary
410,31,fuel,燃料,accumulateの意味,attachの意味,closeの意味,1,Section 31 vocabulary
411,31,fossil,化石,嫌う,部分的な,processの意味,1,Section 31 vocabulary
412,31,evolve,進化する,何もない,toolの意味,collectiveの意味,1,Section 31 vocabulary
413,31,undergraduate,大学生,innの意味,brilliantの意味,resumeの意味,1,Section 31 vocabulary
414,31,roast,roastの意味,芸術家,絶えず,口頭の,1,Section 31 vocabulary
415,31,deliver,deliverの意味,脅威,contraryの意味,empathyの意味,1,Section 31 vocabulary
416,31,distribute,distributeの意味,conceiveの意味,germの意味,好きで,1,Section 31 vocabulary
417,31,grave,graveの意味,障害,pursueの意味,成績/等級,1,Section 31 vocabulary
418,31,inch,inchの意味,restoreの意味,interiorの意味,追加,1,Section 31 vocabulary
419,31,individual,個人の/個人,hemisphereの意味,健康,infinitelyの意味,1,Section 31 vocabulary
420,31,company,会社/仲間,unlockの意味,attemptの意味,corporateの意味,1,Section 31 vocabulary
421,32,dialect,方言,commissionの意味,soreの意味,scratchの意味,1,Section 32 vocabulary
422,32,extend,extendの意味,delicateの意味,取り消す,扱う・治療する,1,Section 32 vocabulary
423,32,explore,探検する,案内する/案内人,adjacentの意味,replaceの意味,1,Section 32 vocabulary
424,32,derive,由来する,internetの意味,disciplineの意味,shelterの意味,1,Section 32 vocabulary
425,32,adore,adoreの意味,rebelの意味,後を追う,手段,1,Section 32 vocabulary
426,32,adorable,adorableの意味,illustrationの意味,hemisphereの意味,隠れる/隠す,1,Section 32 vocabulary
427,32,author,authorの意味,王国,非難する,購入する,1,Section 32 vocabulary
428,32,pajamas,pajamasの意味,増加する,weightの意味,認識,1,Section 32 vocabulary
429,32,pillow,pillowの意味,contributeの意味,cheatの意味,industryの意味,1,Section 32 vocabulary
430,32,exhausted,exhaustedの意味,utterの意味,potentialの意味,pursueの意味,1,Section 32 vocabulary
431,32,principal,principalの意味,かなり,ウイルス,closelyの意味,1,Section 32 vocabulary
432,32,leadership,leadershipの意味,innの意味,burstの意味,安全な・確保する,1,Section 32 vocabulary
433,32,pursue,pursueの意味,renewの意味,要求する,genuineの意味,1,Section 32 vocabulary
434,32,pretend,pretendの意味,nextの意味,予備の/空いている,rangeの意味,1,Section 32 vocabulary
435,33,rare,珍しい,最新の/最も遅く,riskの意味,standの意味,1,Section 33 vocabulary
436,33,genetic,geneticの意味,資金,subjectの意味,illustrationの意味,1,Section 33 vocabulary
437,33,regular,定期的な,出発する,secretlyの意味,役に立つ,1,Section 33 vocabulary
438,33,restore,restoreの意味,countlessの意味,equivalentの意味,scarの意味,1,Section 33 vocabulary
439,33,gate,門,forkの意味,予算,brieflyの意味,1,Section 33 vocabulary
440,33,gape,gapeの意味,worthの意味,temporaryの意味,消化する,1,Section 33 vocabulary
441,33,slip,slipの意味,裕福な,発表する,economicsの意味,1,Section 33 vocabulary
442,33,spare,予備の/空いている,社会,罰する,dimensionの意味,1,Section 33 vocabulary
443,33,grind,grindの意味,傾く,異なる,adequateの意味,1,Section 33 vocabulary
444,33,relieve,relieveの意味,狩る,ため息をつく,部分的な,1,Section 33 vocabulary
445,33,debate,議論する/討論,endlessの意味,結合する,定義する,1,Section 33 vocabulary
446,33,quality,質,現在,案内する/案内人,deadlineの意味,1,Section 33 vocabulary
447,33,pause,pauseの意味,massageの意味,犠牲・通行料,poetの意味,1,Section 33 vocabulary
448,33,potential,potentialの意味,mudの意味,hostの意味,ritualの意味,1,Section 33 vocabulary
449,33,shift,shiftの意味,educateの意味,情熱,emphasizeの意味,1,Section 33 vocabulary
450,34,ignore,無視する,geneticの意味,shiftの意味,一般的な,1,Section 34 vocabulary
451,34,miss,missの意味,欠点・責任,選ぶ,裁判官,1,Section 34 vocabulary
452,34,abandon,abandonの意味,commissionの意味,systemの意味,neverthelessの意味,1,Section 34 vocabulary
453,34,neglect,neglectの意味,社会の,intellectualの意味,大学生,1,Section 34 vocabulary
454,34,mend,mendの意味,あいまいな,aboardの意味,許可する,1,Section 34 vocabulary
455,34,quiet,静かな,ironの意味,wanderの意味,accomplishの意味,1,Section 34 vocabulary
456,34,whisper,whisperの意味,改善する,accumulateの意味,余裕がある,1,Section 34 vocabulary
457,34,ability,能力,個人的な,endlessの意味,tackleの意味,1,Section 34 vocabulary
458,34,capacity,capacityの意味,影響を与える,slotの意味,いくぶん,1,Section 34 vocabulary
459,34,capable,能力がある,floatの意味,graveの意味,sensitiveの意味,1,Section 34 vocabulary
460,34,damage,damageの意味,健康,燃料,避けられない,1,Section 34 vocabulary
461,34,injury,injuryの意味,accomplishの意味,emissionの意味,sphereの意味,1,Section 34 vocabulary
462,34,scar,scarの意味,internetの意味,standの意味,playの意味,1,Section 34 vocabulary
463,34,fragile,fragileの意味,epidemicの意味,謙虚な,swingの意味,1,Section 34 vocabulary
464,34,delicate,delicateの意味,distributeの意味,impressionの意味,便利な,1,Section 34 vocabulary
465,35,investigate,investigateの意味,人口,availableの意味,installの意味,1,Section 35 vocabulary
466,35,article,記事,countrysideの意味,resortの意味,文明,1,Section 35 vocabulary
467,35,observe,観察する/守る,sensibleの意味,machineの意味,眉,1,Section 35 vocabulary
468,35,active,activeの意味,召使い,collectiveの意味,効果的な,1,Section 35 vocabulary
469,35,conclude,concludeの意味,transmitの意味,installの意味,祖先,1,Section 35 vocabulary
470,35,summarize,summarizeの意味,figureの意味,休む・残り,worthの意味,1,Section 35 vocabulary
471,35,object,objectの意味,engineの意味,通過する,soldierの意味,1,Section 35 vocabulary
472,35,attack,攻撃,会社/仲間,排他的な,trialの意味,1,Section 35 vocabulary
473,35,invasion,invasionの意味,shortlyの意味,状態,predictionの意味,1,Section 35 vocabulary
474,35,issue,issueの意味,profileの意味,discloseの意味,守る,1,Section 35 vocabulary
475,35,descendant,子孫,outweighの意味,restoreの意味,classicの意味,1,Section 35 vocabulary
476,35,offspring,offspringの意味,accumulateの意味,swingの意味,theoryの意味,1,Section 35 vocabulary
477,35,center,centerの意味,埋める,brieflyの意味,専門家,1,Section 35 vocabulary
478,35,core,coreの意味,通訳する/解釈する,不確かな,供給する,1,Section 35 vocabulary
479,35,edge,edgeの意味,健康,頼む,activeの意味,1,Section 35 vocabulary
480,35,tip,tipの意味,出席する,modificationの意味,anticipateの意味,1,Section 35 vocabulary
481,35,balance,balanceの意味,deadlineの意味,comedyの意味,定義する,1,Section 35 vocabulary
482,35,tough,たくましい/難しい,健康な,reverseの意味,spontaneouslyの意味,1,Section 35 vocabulary
483,35,firm,firmの意味,embarkの意味,rigidの意味,criterionの意味,1,Section 35 vocabulary
484,35,rigid,rigidの意味,curveの意味,lovelyの意味,adoreの意味,1,Section 35 vocabulary
485,35,freedom,freedomの意味,dilemmaの意味,adoreの意味,resumeの意味,1,Section 35 vocabulary
486,35,cast,castの意味,freedomの意味,somehowの意味,マスメディア,1,Section 35 vocabulary
487,36,donate,donateの意味,directlyの意味,芸術家,問題・物質,1,Section 36 vocabulary
488,36,media,マスメディア,専門家,攻撃,購入する,1,Section 36 vocabulary
489,36,address,addressの意味,gapeの意味,rangeの意味,stainの意味,1,Section 36 vocabulary
490,36,tackle,tackleの意味,medievalの意味,あいまいな,費用,1,Section 36 vocabulary
491,36,harassment,harassmentの意味,芸術家,管理する,orbitの意味,1,Section 36 vocabulary
492,36,introduce,紹介する,前の,分ける,limitationの意味,1,Section 36 vocabulary
493,36,insert,insertの意味,utterの意味,assignの意味,calculationの意味,1,Section 36 vocabulary
494,36,install,installの意味,intentionの意味,範囲,tragicの意味,1,Section 36 vocabulary
495,36,attach,attachの意味,convertの意味,consistentの意味,比較できる,1,Section 36 vocabulary
496,36,strict,厳しい,obligeの意味,designationの意味,犠牲・通行料,1,Section 36 vocabulary
497,36,belong,所属している,回転/革命,outweighの意味,consistentの意味,1,Section 36 vocabulary
498,36,bully,bullyの意味,場面,solveの意味,attributeの意味,1,Section 36 vocabulary
499,36,harm,harmの意味,representの意味,研究者,composeの意味,1,Section 36 vocabulary
500,36,deliberately,deliberatelyの意味,〜もまたない,古代の,比較する,1,Section 36 vocabulary
501,36,dimension,dimensionの意味,期間,アルコール,必要な,1,Section 36 vocabulary
502,36,truth,真実,自信がある,示す,深く,1,Section 36 vocabulary
503,36,receive,受け取る,gridの意味,grantの意味,mediterraneanの意味,1,Section 36 vocabulary
504,36,impression,impressionの意味,記録する,植物,到着する,1,Section 36 vocabulary
505,36,acquaintance,acquaintanceの意味,便利な,真実,bruteの意味,1,Section 36 vocabulary
506,36,lottery,lotteryの意味,settleの意味,practicallyの意味,効率的な,1,Section 36 vocabulary
507,36,purchase,購入する,上げる・育てる,文明,障害,1,Section 36 vocabulary
508,36,subscribe,subscribeの意味,従う,ほのめかす,admireの意味,1,Section 36 vocabulary
509,37,candidate,候補者,自信がある,economicalの意味,authenticの意味,1,Section 37 vocabulary
510,37,communication,communicationの意味,古代の,後を追う,退ける,1,Section 37 vocabulary
511,37,supporter,supporterの意味,終わり,完成させる,生み出す,1,Section 37 vocabulary
512,37,voter,voterの意味,affordableの意味,routinelyの意味,abandonの意味,1,Section 37 vocabulary
513,37,hopeful,hopefulの意味,言葉の,好きで,dataの意味,1,Section 37 vocabulary
514,37,cure,治療する,regionの意味,unknownの意味,比較できる,1,Section 37 vocabulary
515,37,corporate,corporateの意味,排他的な,sailの意味,公の/一般の人,1,Section 37 vocabulary
516,38,agile,agileの意味,毒,輸出する,cycleの意味,1,Section 38 vocabulary
517,38,assert,assertの意味,割合,sympathyの意味,すばらしい,1,Section 38 vocabulary
518,38,deadline,deadlineの意味,支配する,detectの意味,開催する・持つ,1,Section 38 vocabulary
519,38,click,clickの意味,countlessの意味,現代の,hemisphereの意味,1,Section 38 vocabulary
520,38,account,説明・口座,hemisphereの意味,sensibleの意味,activeの意味,1,Section 38 vocabulary
521,38,accurate,accurateの意味,afterwardsの意味,neverthelessの意味,chiefの意味,1,Section 38 vocabulary
522,38,responsible,責任がある,possiblyの意味,detectiveの意味,追加,1,Section 38 vocabulary
523,38,dilemma,dilemmaの意味,outputの意味,上げる・育てる,adequateの意味,1,Section 38 vocabulary
524,38,blame,非難する,geneticの意味,obesityの意味,enormousの意味,1,Section 38 vocabulary
525,38,spread,広がる/広げる,mostlyの意味,slipの意味,meditationの意味,1,Section 38 vocabulary
526,38,emission,emissionの意味,toolの意味,worthの意味,automobileの意味,1,Section 38 vocabulary
527,38,sincere,sincereの意味,能力がある,いくぶん,educationalの意味,1,Section 38 vocabulary
528,39,confident,自信がある,疑わしい,rigidの意味,counterの意味,1,Section 39 vocabulary
529,39,contrary,contraryの意味,packの意味,結合する,collectiveの意味,1,Section 39 vocabulary
530,39,paradox,paradoxの意味,gapeの意味,pretendの意味,従う,1,Section 39 vocabulary
531,39,discrimination,差別,発生,underlineの意味,countlessの意味,1,Section 39 vocabulary
532,39,surprisingly,surprisinglyの意味,生き残る,医学の,assembleの意味,1,Section 39 vocabulary
533,39,classic,classicの意味,すばらしい,hopefulの意味,evaporateの意味,1,Section 39 vocabulary
534,39,currently,現在,spanの意味,scentの意味,dominantの意味,1,Section 39 vocabulary
535,39,threat,脅威,embarkの意味,deliberatelyの意味,tinyの意味,1,Section 39 vocabulary
536,39,oppose,opposeの意味,怒らせる,大学生,出席する,1,Section 39 vocabulary
537,39,occasionally,時々,中心的な,謎,issueの意味,1,Section 39 vocabulary
538,39,infinitely,infinitelyの意味,過去の,あいまいな,riskの意味,1,Section 39 vocabulary
539,40,respond,反応する,livelihoodの意味,調査,分ける,1,Section 40 vocabulary
540,40,reply,replyの意味,sufficientの意味,技術,すばらしい,1,Section 40 vocabulary
541,40,correspond,correspondの意味,alternativeの意味,displaceの意味,mendの意味,1,Section 40 vocabulary
542,40,directly,directlyの意味,器具/楽器,implicitの意味,生態学,1,Section 40 vocabulary
543,40,concept,conceptの意味,adventureの意味,上げる・育てる,systemの意味,1,Section 40 vocabulary
544,40,region,regionの意味,完成させる,社会,肝臓,1,Section 40 vocabulary
545,40,refer,referの意味,守る,tackleの意味,deliverの意味,1,Section 40 vocabulary
546,40,essentially,essentiallyの意味,感染させる,extendの意味,profileの意味,1,Section 40 vocabulary
547,40,indispensable,indispensableの意味,影響を与える,diagnoseの意味,大気,1,Section 40 vocabulary
548,41,maintain,維持する/主張する,根,消化する,worthの意味,1,Section 41 vocabulary
549,41,risk,riskの意味,pajamasの意味,tackleの意味,怒らせる,1,Section 41 vocabulary
550,41,system,systemの意味,祖先,dampの意味,専門家,1,Section 41 vocabulary
551,41,anticipate,anticipateの意味,intentionの意味,commandの意味,大学生,1,Section 41 vocabulary
552,41,financial,財政の,王国,levelの意味,ゆるい,1,Section 41 vocabulary
553,41,decline,declineの意味,remedyの意味,差別,前提,1,Section 41 vocabulary
554,41,meaning,meaningの意味,予備の/空いている,endlessの意味,conceiveの意味,1,Section 41 vocabulary
555,41,potential,potentialの意味,knightの意味,専門家,districtの意味,1,Section 41 vocabulary
556,41,temperature,気温,宗教,環境の,祖先,1,Section 41 vocabulary
557,41,approximately,approximatelyの意味,深い悲しみ,信用・功績,ポケット,1,Section 41 vocabulary
558,41,sweat,汗/汗をかく,性,dominantの意味,guidelineの意味,1,Section 41 vocabulary
559,42,approach,近づく,社会の,tokenの意味,いらだたせる,1,Section 42 vocabulary
560,42,meanwhile,その間に,sensibleの意味,collectiveの意味,生き残る,1,Section 42 vocabulary
561,42,mobile,mobileの意味,似ている,conflictの意味,増加する,1,Section 42 vocabulary
562,42,community,地域社会/共同体,驚かせる,反対する,発見する,1,Section 42 vocabulary
563,42,implement,implementの意味,支える,あえて〜する,過去の,1,Section 42 vocabulary
564,42,machine,machineの意味,〜だけれども,差別,一体にする,1,Section 42 vocabulary
565,42,adopt,採用する,比率,生み出す,あえて〜する,1,Section 42 vocabulary
566,42,foster,fosterの意味,routinelyの意味,roastの意味,pajamasの意味,1,Section 42 vocabulary
567,42,scheme,schemeの意味,支配する,outputの意味,failureの意味,1,Section 42 vocabulary
568,42,improve,改善する,issueの意味,predictionの意味,sophisticatedの意味,1,Section 42 vocabulary
569,42,ecology,生態学,怒った,ceilingの意味,confrontの意味,1,Section 42 vocabulary
570,42,ecosystem,ecosystemの意味,何もない,紹介する,dataの意味,1,Section 42 vocabulary
571,43,nearby,近くの/近くに,economicsの意味,frequentの意味,consistentの意味,1,Section 43 vocabulary
572,43,guide,案内する/案内人,bullyの意味,sequenceの意味,紹介する,1,Section 43 vocabulary
573,43,probably,おそらく,milestoneの意味,dominantの意味,seriesの意味,1,Section 43 vocabulary
574,43,individual,個人の/個人,可能な,関係,観察する/守る,1,Section 43 vocabulary
575,43,birth,誕生,逃れる,地球規模の,luggageの意味,1,Section 43 vocabulary
576,43,observation,observationの意味,talentの意味,バレエ,宮殿,1,Section 43 vocabulary
577,43,massage,massageの意味,前の,基礎,mudの意味,1,Section 43 vocabulary
578,43,phrase,phraseの意味,狩る,epidemicの意味,古代の,1,Section 43 vocabulary
579,44,atmosphere,大気,feedingの意味,怒った,必要な,1,Section 44 vocabulary
580,44,orbit,orbitの意味,中心的な,worthの意味,insertの意味,1,Section 44 vocabulary
581,44,roar,roarの意味,眉,epidemicの意味,emergeの意味,1,Section 44 vocabulary
582,44,scream,叫ぶ,modifyの意味,assignの意味,比較できる,1,Section 44 vocabulary
583,44,engine,engineの意味,medievalの意味,weightの意味,trivialの意味,1,Section 44 vocabulary
584,44,particle,particleの意味,empathyの意味,種,driftの意味,1,Section 44 vocabulary
585,44,essential,不可欠の,confrontの意味,scratchの意味,社会の,1,Section 44 vocabulary
586,44,indispensable,indispensableの意味,receptionの意味,財政の,vividの意味,1,Section 44 vocabulary
587,44,closely,closelyの意味,接触,graduallyの意味,群衆,1,Section 44 vocabulary
588,44,isolated,isolatedの意味,災害,特有の,implicitの意味,1,Section 44 vocabulary
589,44,symbol,symbolの意味,distressの意味,medievalの意味,countlessの意味,1,Section 44 vocabulary
590,44,artificial,artificialの意味,cycleの意味,行動,電極,1,Section 44 vocabulary
591,44,relation,relationの意味,方言,feedingの意味,rebelの意味,1,Section 44 vocabulary
592,44,rhythm,rhythmの意味,machineの意味,fictionの意味,所属している,1,Section 44 vocabulary
593,44,origin,起源,surprisinglyの意味,literaryの意味,主張する,1,Section 44 vocabulary
594,45,crucial,crucialの意味,旅行する,避けられない,germの意味,1,Section 45 vocabulary
595,45,vital,生命の/重要な,educateの意味,民族の,許可する,1,Section 45 vocabulary
596,45,suffer,苦しむ,crucialの意味,人口,体,1,Section 45 vocabulary
597,45,triumph,triumphの意味,直接の,普通の,esteemの意味,1,Section 45 vocabulary
598,45,hunger,飢え,crucialの意味,ritualの意味,親密な,1,Section 45 vocabulary
599,45,represent,representの意味,健康,instantlyの意味,workforceの意味,1,Section 45 vocabulary
600,45,symbolic,symbolicの意味,inchの意味,bruteの意味,harmの意味,1,Section 45 vocabulary
601,45,compose,composeの意味,費やす,bruteの意味,neverthelessの意味,1,Section 45 vocabulary
602,45,illustration,illustrationの意味,photographの意味,processの意味,stabilityの意味,1,Section 45 vocabulary
603,45,agent,agentの意味,効率的な,期間,prosperityの意味,1,Section 45 vocabulary
604,45,oppose,opposeの意味,覚えている,utterlyの意味,涙,1,Section 45 vocabulary
605,45,particle,particleの意味,sympathyの意味,presentの意味,exerciseの意味,1,Section 45 vocabulary
606,45,family,familyの意味,最新の/最も遅く,即時の,beautyの意味,1,Section 45 vocabulary
607,45,relative,親戚,休む・残り,sophisticatedの意味,phraseの意味,1,Section 45 vocabulary
608,45,observer,observerの意味,障害,extremelyの意味,meditationの意味,1,Section 45 vocabulary
609,46,regulation,regulationの意味,治療する,innerの意味,analysisの意味,1,Section 46 vocabulary
610,46,constantly,絶えず,進歩,sophisticatedの意味,driftの意味,1,Section 46 vocabulary
611,46,consistent,consistentの意味,結びつける,adjacentの意味,trivialの意味,1,Section 46 vocabulary
612,46,regular,定期的な,罰,反応する,regionの意味,1,Section 46 vocabulary
613,46,path,pathの意味,habitatの意味,逮捕する,feedbackの意味,1,Section 46 vocabulary
614,46,pile,pileの意味,artificialの意味,signalの意味,navigateの意味,1,Section 46 vocabulary
615,46,promote,促進する,実行する,茎・由来する,edgeの意味,1,Section 46 vocabulary
616,46,diffuse,diffuseの意味,健康な,減少する,分ける,1,Section 46 vocabulary
617,46,attach,attachの意味,fragileの意味,routinelyの意味,費用,1,Section 46 vocabulary
618,46,symbolic,symbolicの意味,rangeの意味,feedbackの意味,mendの意味,1,Section 46 vocabulary
619,47,depend,頼る,高価な,fellowの意味,recallの意味,1,Section 47 vocabulary
620,47,nevertheless,neverthelessの意味,dawnの意味,〜だけれども,mudの意味,1,Section 47 vocabulary
621,47,survive,生き残る,上がる,stainの意味,同意,1,Section 47 vocabulary
622,47,primarily,primarilyの意味,厳しい,差別,記事,1,Section 47 vocabulary
623,47,host,hostの意味,rebelの意味,感情,merelyの意味,1,Section 47 vocabulary
624,47,merge,mergeの意味,foundationの意味,ごみ,deliverの意味,1,Section 47 vocabulary
625,47,bond,bondの意味,deadlineの意味,tipの意味,perspectiveの意味,1,Section 47 vocabulary
626,47,modify,modifyの意味,味,hostの意味,最新の/最も遅く,1,Section 47 vocabulary
627,47,individual,個人の/個人,免疫のある,fosterの意味,gapeの意味,1,Section 47 vocabulary
628,47,competence,competenceの意味,許可する,調査,不可欠の,1,Section 47 vocabulary
629,47,potential,potentialの意味,専門知識,記録する,bondの意味,1,Section 47 vocabulary
630,48,level,levelの意味,口頭の,authenticの意味,すばらしい,1,Section 48 vocabulary
631,48,altitude,altitudeの意味,assumeの意味,correspondの意味,bondの意味,1,Section 48 vocabulary
632,48,failure,failureの意味,tinyの意味,pajamasの意味,disciplineの意味,1,Section 48 vocabulary
633,48,overlook,overlookの意味,principalの意味,不可欠の,observationの意味,1,Section 48 vocabulary
634,48,stroke,strokeの意味,反応する,artificialの意味,ほのめかす,1,Section 48 vocabulary
635,48,total,totalの意味,親密な,handfulの意味,familyの意味,1,Section 48 vocabulary
636,48,report,報告する/報告,crossの意味,役割,逃れる,1,Section 48 vocabulary
637,48,register,registerの意味,比較できる,不確かな,ポンプ,1,Section 48 vocabulary
638,48,log,logの意味,近づく,静かな,intentionの意味,1,Section 48 vocabulary
639,48,grave,graveの意味,intentionの意味,かなり,電極,1,Section 48 vocabulary
640,48,exercise,exerciseの意味,journeyの意味,availableの意味,dominateの意味,1,Section 48 vocabulary
641,48,diabetes,diabetesの意味,utterlyの意味,foundationの意味,植物,1,Section 48 vocabulary
642,48,dementia,dementiaの意味,報告する/報告,会社/仲間,countrysideの意味,1,Section 48 vocabulary
643,48,longevity,longevityの意味,possiblyの意味,ポンプ,internetの意味,1,Section 48 vocabulary
644,48,span,spanの意味,outstandingの意味,地球規模の,exhaustedの意味,1,Section 48 vocabulary
645,48,slot,slotの意味,lengthの意味,fancyの意味,voterの意味,1,Section 48 vocabulary
646,49,shape,shapeの意味,analysisの意味,comprehensionの意味,incidentの意味,1,Section 49 vocabulary
647,49,mold,moldの意味,一体にする,invasionの意味,routinelyの意味,1,Section 49 vocabulary
648,49,bend,bendの意味,soreの意味,endlessの意味,contrastの意味,1,Section 49 vocabulary
649,49,twist,twistの意味,定義する,emphasizeの意味,一晩中,1,Section 49 vocabulary
650,49,curve,curveの意味,economicalの意味,原因,真実,1,Section 49 vocabulary
651,49,carve,carveの意味,紹介する,trialの意味,表,1,Section 49 vocabulary
652,49,vertical,verticalの意味,amusementの意味,浅い,conceiveの意味,1,Section 49 vocabulary
653,49,maximum,maximumの意味,slotの意味,comprehensionの意味,飢え,1,Section 49 vocabulary
654,49,important,重要な,似ている,particleの意味,時々,1,Section 49 vocabulary
655,49,profound,profoundの意味,完成させる,firmの意味,stainの意味,1,Section 49 vocabulary
656,49,clinician,clinicianの意味,費用,incidentの意味,grantの意味,1,Section 49 vocabulary
657,49,clinic,clinicの意味,beautyの意味,routinelyの意味,信仰/信頼,1,Section 49 vocabulary
658,49,diagnose,diagnoseの意味,contemporaryの意味,過去の,missionaryの意味,1,Section 49 vocabulary
659,49,scan,scanの意味,spontaneouslyの意味,購入する,身体の,1,Section 49 vocabulary
660,49,analysis,analysisの意味,rigidの意味,かむ,形成する,1,Section 49 vocabulary
661,50,travel,旅行する,確認する,親切/好意,一人で,1,Section 50 vocabulary
662,50,depart,出発する,開催する・持つ,専門家,増加する,1,Section 50 vocabulary
663,50,expedition,expeditionの意味,livelihoodの意味,比較,objectの意味,1,Section 50 vocabulary
664,50,voyage,voyageの意味,普通の,かなり,discloseの意味,1,Section 50 vocabulary
665,50,palace,宮殿,equivalentの意味,含む,mobileの意味,1,Section 50 vocabulary
666,50,ancient,古代の,accompanyの意味,分類する,前向きな,1,Section 50 vocabulary
667,50,primitive,primitiveの意味,harmの意味,lengthの意味,indeedの意味,1,Section 50 vocabulary
668,50,archaeologist,archaeologistの意味,見通し,assignの意味,歴史,1,Section 50 vocabulary
669,50,leather,革,easeの意味,かなり,analysisの意味,1,Section 50 vocabulary
670,50,fur,furの意味,familyの意味,clinicの意味,嫌う,1,Section 50 vocabulary
671,50,tool,toolの意味,方法,問題,strokeの意味,1,Section 50 vocabulary
672,50,instrument,器具/楽器,rhythmの意味,phraseの意味,pileの意味,1,Section 50 vocabulary
673,50,mediterranean,mediterraneanの意味,brilliantの意味,automobileの意味,完成させる,1,Section 50 vocabulary
674,50,mud,mudの意味,congratulationの意味,balanceの意味,analysisの意味,1,Section 50 vocabulary
675,50,dirt,dirtの意味,symbolicの意味,あいまいな,intellectualの意味,1,Section 50 vocabulary
676,50,clay,clayの意味,issueの意味,いくぶん,分類する,1,Section 50 vocabulary
677,50,current,現在の,証拠,implicitの意味,transferの意味,1,Section 50 vocabulary
678,50,currency,currencyの意味,familyの意味,infrastructureの意味,innの意味,1,Section 50 vocabulary
679,50,contemporary,contemporaryの意味,massageの意味,不確かな,tackleの意味,1,Section 50 vocabulary
680,50,escape,逃れる,vocalの意味,確認する,refineの意味,1,Section 50 vocabulary
681,51,cycle,cycleの意味,〜もまたない,easeの意味,sensitiveの意味,1,Section 51 vocabulary
682,51,circle,circleの意味,個人的な,その間,鋭い,1,Section 51 vocabulary
683,51,circulation,circulationの意味,regulationの意味,detailの意味,clinicの意味,1,Section 51 vocabulary
684,51,spontaneously,spontaneouslyの意味,振る舞う,castの意味,germの意味,1,Section 51 vocabulary
685,51,voluntary,voluntaryの意味,適した,brilliantの意味,怒った,1,Section 51 vocabulary
686,51,heap,heapの意味,一体にする,illustrationの意味,outweighの意味,1,Section 51 vocabulary
687,51,pile,pileの意味,geneticの意味,slotの意味,住む,1,Section 51 vocabulary
688,51,array,arrayの意味,statisticの意味,確認する,utterの意味,1,Section 51 vocabulary
689,51,handful,handfulの意味,呼吸する,輸入する,districtの意味,1,Section 51 vocabulary
690,51,fairly,fairlyの意味,medievalの意味,brilliantの意味,乗り物,1,Section 51 vocabulary
691,51,solve,solveの意味,言葉の,recruitの意味,情熱,1,Section 51 vocabulary
692,51,resolve,resolveの意味,linguisticの意味,profileの意味,slideの意味,1,Section 51 vocabulary
693,51,steadily,steadilyの意味,部分的な,countrysideの意味,頼む,1,Section 51 vocabulary
694,51,length,lengthの意味,中心的な,快適さ/慰める,pauseの意味,1,Section 51 vocabulary
695,51,male,男性,tokenの意味,corporateの意味,insertの意味,1,Section 51 vocabulary
696,52,embark,embarkの意味,観察する/守る,infinitelyの意味,boostの意味,1,Section 52 vocabulary
697,52,sail,sailの意味,予備の/空いている,役に立つ,化石,1,Section 52 vocabulary
698,52,navigate,navigateの意味,発生,confrontの意味,納得させる,1,Section 52 vocabulary
699,52,return,戻る,educationalの意味,罰,admireの意味,1,Section 52 vocabulary
700,52,journey,journeyの意味,detectiveの意味,感覚/意味,明らかな,1,Section 52 vocabulary
701,52,commute,commuteの意味,cruelの意味,statisticsの意味,建造物/構造,1,Section 52 vocabulary
702,52,luggage,luggageの意味,revoltの意味,住む,維持する,1,Section 52 vocabulary
703,52,rise,上がる,counterの意味,imaginativeの意味,いらだたせる,1,Section 52 vocabulary
704,52,arise,ariseの意味,contemporaryの意味,前方へ/促進する,implementの意味,1,Section 52 vocabulary
705,52,soar,soarの意味,利益,replyの意味,mergeの意味,1,Section 52 vocabulary
706,52,dawn,dawnの意味,limitationの意味,indeedの意味,費やす,1,Section 52 vocabulary
707,52,migration,移住,roastの意味,distributeの意味,予算,1,Section 52 vocabulary
708,52,immigration,（外国からの）移住/入国,群衆,高価な,injuryの意味,1,Section 52 vocabulary
709,52,inhabit,inhabitの意味,衣服,便利な,考える,1,Section 52 vocabulary
710,52,habitat,habitatの意味,rhythmの意味,ownerの意味,促す,1,Section 52 vocabulary
711,52,oblige,obligeの意味,cruelの意味,navigateの意味,通過する,1,Section 52 vocabulary
712,52,duty,dutyの意味,emphasizeの意味,追加,trialの意味,1,Section 52 vocabulary
713,52,compel,compelの意味,beautyの意味,脅威,支える,1,Section 52 vocabulary
714,52,damp,dampの意味,designationの意味,むしろ・かなり,その間に,1,Section 52 vocabulary
715,52,evaporate,evaporateの意味,calculationの意味,sufficientの意味,一人で,1,Section 52 vocabulary
716,52,steam,steamの意味,detectiveの意味,supporterの意味,明白な/質素な,1,Section 52 vocabulary
717,52,bubble,bubbleの意味,foundationの意味,automobileの意味,neglectの意味,1,Section 52 vocabulary
718,52,breathe,呼吸する,linguisticの意味,enormousの意味,静かな,1,Section 52 vocabulary
719,52,sigh,ため息をつく,imagineの意味,neverthelessの意味,建設する,1,Section 52 vocabulary
720,52,cross,crossの意味,boostの意味,不安な,戻る,1,Section 52 vocabulary
721,52,arrive,到着する,sympathyの意味,不思議に思う,期待する,1,Section 52 vocabulary
722,53,scent,scentの意味,案内する/案内人,治療する,眉,1,Section 53 vocabulary
723,53,smell,においがする,closeの意味,linguisticの意味,overlookの意味,1,Section 53 vocabulary
724,53,instantly,instantlyの意味,説明する,dilemmaの意味,imaginativeの意味,1,Section 53 vocabulary
725,53,shortly,shortlyの意味,要求する,utterの意味,easeの意味,1,Section 53 vocabulary
726,53,immediate,即時の,graveの意味,fragileの意味,hemisphereの意味,1,Section 53 vocabulary
727,53,transport,輸送する,coreの意味,自信がある,evaporateの意味,1,Section 53 vocabulary
728,53,import,輸入する,社会の,範囲,aboardの意味,1,Section 53 vocabulary
729,53,export,輸出する,ウイルス,必要な,prosperityの意味,1,Section 53 vocabulary
730,53,vehicle,乗り物,authenticの意味,massageの意味,sincereの意味,1,Section 53 vocabulary
731,53,automobile,automobileの意味,取り除く,方法,視力/光景,1,Section 53 vocabulary
732,53,aboard,aboardの意味,diffuseの意味,automobileの意味,riskの意味,1,Section 53 vocabulary
733,53,tiny,tinyの意味,相互作用,政治の,〜だけれども,1,Section 53 vocabulary
734,53,minimize,minimizeの意味,健康な,composeの意味,extremelyの意味,1,Section 53 vocabulary
735,53,particle,particleの意味,expeditionの意味,ritualの意味,バレエ,1,Section 53 vocabulary
736,53,molecule,moleculeの意味,効率的な,症状,indeedの意味,1,Section 53 vocabulary
737,53,revive,reviveの意味,頬,召使い,geniusの意味,1,Section 53 vocabulary
738,53,amusement,amusementの意味,かなり,rapidの意味,汚染,1,Section 53 vocabulary
739,53,refresh,refreshの意味,門,addressの意味,scanの意味,1,Section 53 vocabulary
740,53,resume,resumeの意味,spinの意味,corporateの意味,いくぶん,1,Section 53 vocabulary
741,53,memory,memoryの意味,珍しい,fictionの意味,好きで,1,Section 53 vocabulary
742,53,region,regionの意味,heapの意味,accompanyの意味,逮捕する,1,Section 53 vocabulary
743,53,district,districtの意味,shelterの意味,影響,期待する,1,Section 53 vocabulary
744,53,sense,感覚/意味,方言,整える,riskの意味,1,Section 53 vocabulary
745,53,sensible,sensibleの意味,汗/汗をかく,すばらしい,一度,1,Section 53 vocabulary
746,53,nonsense,nonsenseの意味,事実,責任がある,哺乳類,1,Section 53 vocabulary
747,53,wire,wireの意味,detectiveの意味,outweighの意味,dampの意味,1,Section 53 vocabulary
748,53,float,floatの意味,adventureの意味,適切な,影響,1,Section 53 vocabulary
749,53,drift,driftの意味,最新の/最も遅く,mobileの意味,subjectの意味,1,Section 53 vocabulary
750,53,swing,swingの意味,permanentlyの意味,基本的な,器具/楽器,1,Section 53 vocabulary
751,54,direct,直接の,原因・引き起こす,orbitの意味,近くの/近くに,1,Section 54 vocabulary
752,54,administer,administerの意味,輸出する,swingの意味,一度,1,Section 54 vocabulary
753,54,supervise,superviseの意味,secretlyの意味,地域社会/共同体,反応する,1,Section 54 vocabulary
754,54,panel,panelの意味,上がる,歴史,referの意味,1,Section 54 vocabulary
755,54,intimate,親密な,社会の,起源,superviseの意味,1,Section 54 vocabulary
756,54,oppose,opposeの意味,ウイルス,comedyの意味,fragileの意味,1,Section 54 vocabulary
757,54,confront,confrontの意味,発表する,免許,mendの意味,1,Section 54 vocabulary
758,54,counter,counterの意味,dilemmaの意味,終わり,resortの意味,1,Section 54 vocabulary
759,54,reverse,reverseの意味,empathyの意味,避けられない,促進する,1,Section 54 vocabulary
760,54,rebel,rebelの意味,ceilingの意味,変化,謙虚な,1,Section 54 vocabulary
761,54,revolt,revoltの意味,crucialの意味,contemporaryの意味,何もない,1,Section 54 vocabulary
762,54,vivid,vividの意味,superviseの意味,burstの意味,ほのめかす,1,Section 54 vocabulary
763,54,familiar,よく知っている,acidの意味,隠す・仮面,普通の,1,Section 54 vocabulary
764,54,tear,涙,congestionの意味,建設する,扱う・治療する,1,Section 54 vocabulary
765,54,special,特別な,罰する,管理する,feedbackの意味,1,Section 54 vocabulary
766,54,recall,recallの意味,現在の,輸出する,不思議に思う,1,Section 54 vocabulary
767,54,sight,視力/光景,supernaturalの意味,ますます,referの意味,1,Section 54 vocabulary
768,54,scope,範囲,ironの意味,民族の,（外国からの）移住/入国,1,Section 54 vocabulary
769,54,sphere,sphereの意味,comprehensionの意味,analysisの意味,adorableの意味,1,Section 54 vocabulary
770,54,hemisphere,hemisphereの意味,literallyの意味,裁判官,不安な,1,Section 54 vocabulary
771,54,remember,覚えている,refreshの意味,熱望して,個人的な,1,Section 54 vocabulary
772,54,remind,思い出させる,観察する/守る,extremelyの意味,dominantの意味,1,Section 54 vocabulary
773,54,token,tokenの意味,comprehensionの意味,voyageの意味,bubbleの意味,1,Section 54 vocabulary
774,54,unlikely,unlikelyの意味,時々,dampの意味,思い出させる,1,Section 54 vocabulary
775,54,moment,瞬間,nextの意味,instantlyの意味,ほのめかす,1,Section 54 vocabulary
776,54,briefly,brieflyの意味,社会,wanderの意味,あえて〜する,1,Section 54 vocabulary
777,54,temporary,temporaryの意味,burstの意味,geneticの意味,tragicの意味,1,Section 54 vocabulary
778,55,countryside,countrysideの意味,rationalの意味,attachの意味,謙虚な,1,Section 55 vocabulary
779,55,landscape,landscapeの意味,limitationの意味,inchの意味,supernaturalの意味,1,Section 55 vocabulary
780,55,scene,場面,somehowの意味,steadilyの意味,叫ぶ,1,Section 55 vocabulary
781,55,photograph,photographの意味,固定観念,obligationの意味,一晩中,1,Section 55 vocabulary
782,55,public,公の/一般の人,打つ,extendの意味,言葉の,1,Section 55 vocabulary
783,55,private,個人的な,infiniteの意味,資金,agencyの意味,1,Section 55 vocabulary
784,55,supernatural,supernaturalの意味,考える,confrontの意味,大人,1,Section 55 vocabulary
785,55,genuine,genuineの意味,arrayの意味,traitの意味,接触,1,Section 55 vocabulary
786,55,authentic,authenticの意味,riskの意味,親戚,似ている,1,Section 55 vocabulary
787,55,imaginary,imaginaryの意味,misunderstandingの意味,conceiveの意味,子孫,1,Section 55 vocabulary
788,55,fancy,fancyの意味,easeの意味,自信がある,floatの意味,1,Section 55 vocabulary
789,55,modern,現代の,驚かせる,謙虚な,petitionの意味,1,Section 55 vocabulary
790,55,sophisticated,sophisticatedの意味,lovelyの意味,spontaneouslyの意味,subjectの意味,1,Section 55 vocabulary
791,55,refine,refineの意味,missionaryの意味,消化する,accurateの意味,1,Section 55 vocabulary
792,55,era,eraの意味,一晩中,bondの意味,必要な,1,Section 55 vocabulary
793,55,prominent,prominentの意味,管理する,amusementの意味,independentの意味,1,Section 55 vocabulary
794,55,outstanding,outstandingの意味,管理する,ウイルス,遺伝子,1,Section 55 vocabulary
795,55,poet,poetの意味,cycleの意味,infiniteの意味,体,1,Section 55 vocabulary
796,55,feature,featureの意味,勇敢な,desirableの意味,easeの意味,1,Section 55 vocabulary
797,55,trait,traitの意味,大多数,中心的な,雌の・女性の,1,Section 55 vocabulary
798,55,attribute,attributeの意味,認識,特定の,前提,1,Section 55 vocabulary
799,55,grant,grantの意味,逃れる,特別な,個人的な,1,Section 55 vocabulary
800,55,mood,moodの意味,ideologyの意味,整える,ウイルス,1,Section 55 vocabulary
801,55,portray,portrayの意味,illustrationの意味,genuineの意味,責任がある,1,Section 55 vocabulary
802,55,profile,profileの意味,ideologyの意味,paradoxの意味,叫ぶ,1,Section 55 vocabulary
803,55,dominate,dominateの意味,countrysideの意味,根,体,1,Section 55 vocabulary
804,55,colony,colonyの意味,workforceの意味,counterの意味,emphasizeの意味,1,Section 55 vocabulary
805,55,lovely,lovelyの意味,わずかに,変化・差異,delicateの意味,1,Section 55 vocabulary
806,55,beauty,beautyの意味,transmitの意味,費やす,abandonの意味,1,Section 55 vocabulary
807,55,grace,graceの意味,grindの意味,体,〜もまたない,1,Section 55 vocabulary
808,55,magnificent,magnificentの意味,商業の/CM,fierceの意味,信用・功績,1,Section 55 vocabulary
809,56,technique,技術,implicitの意味,nextの意味,firmの意味,1,Section 56 vocabulary
810,56,secretly,secretlyの意味,直接の,routinelyの意味,monopolyの意味,1,Section 56 vocabulary
811,56,modification,modificationの意味,調査する,特徴,王国,1,Section 56 vocabulary
812,56,scandal,scandalの意味,結合する,totalの意味,説明・口座,1,Section 56 vocabulary
813,56,rumor,rumorの意味,signalの意味,exerciseの意味,assignの意味,1,Section 56 vocabulary
814,56,imply,ほのめかす,modificationの意味,workforceの意味,scanの意味,1,Section 56 vocabulary
815,56,implicit,implicitの意味,referの意味,regimeの意味,医療,1,Section 56 vocabulary
816,56,indication,indicationの意味,automobileの意味,balanceの意味,adventureの意味,1,Section 56 vocabulary
817,56,reliable,信頼できる,insertの意味,computeの意味,mergeの意味,1,Section 56 vocabulary
818,56,faith,信仰/信頼,好きで,milestoneの意味,pathの意味,1,Section 56 vocabulary
819,56,detective,detectiveの意味,医学の,必要な,即時の,1,Section 56 vocabulary
820,56,arrest,逮捕する,接触,magnificentの意味,考える,1,Section 56 vocabulary
821,56,misunderstanding,misunderstandingの意味,その間に,issueの意味,偏見,1,Section 56 vocabulary
822,57,fascinate,魅了する,公の/一般の人,形成する,候補者,1,Section 57 vocabulary
823,57,tempt,temptの意味,concludeの意味,moldの意味,inhabitの意味,1,Section 57 vocabulary
824,57,educate,educateの意味,crucialの意味,compelの意味,mendの意味,1,Section 57 vocabulary
825,57,spiritual,精神的な,circulationの意味,従う,nextの意味,1,Section 57 vocabulary
826,57,ritual,ritualの意味,countlessの意味,attainの意味,むしろ・かなり,1,Section 57 vocabulary
827,57,gathering,gatheringの意味,便利な,到着する,示す,1,Section 57 vocabulary
828,57,reception,receptionの意味,inchの意味,認識する,考える,1,Section 57 vocabulary
829,57,attempt,attemptの意味,geneticの意味,eraの意味,perspectiveの意味,1,Section 57 vocabulary
830,57,trial,trialの意味,支配する,corporateの意味,unlockの意味,1,Section 57 vocabulary
831,57,penalty,罰,bubbleの意味,functionの意味,準備する,1,Section 57 vocabulary
832,57,punish,罰する,集中する,決して〜ない,sincereの意味,1,Section 57 vocabulary
833,57,contact,接触,stainの意味,供給する,convertの意味,1,Section 57 vocabulary
834,57,contribute,contributeの意味,leadershipの意味,示す,cycleの意味,1,Section 57 vocabulary
835,57,enormous,enormousの意味,犠牲・通行料,nonethelessの意味,tackleの意味,1,Section 57 vocabulary
836,57,close,closeの意味,attainの意味,課題・挑戦,瞬間,1,Section 57 vocabulary
837,57,disclose,discloseの意味,不思議に思う,mendの意味,shiftの意味,1,Section 57 vocabulary
838,57,enclose,encloseの意味,permanentlyの意味,肝臓,適切な,1,Section 57 vocabulary
839,57,sanctuary,sanctuaryの意味,landscapeの意味,役に立つ,到着する,1,Section 57 vocabulary
840,57,rely,頼る,desirableの意味,memoryの意味,functionの意味,1,Section 57 vocabulary
841,57,resort,resortの意味,acquaintanceの意味,可能な,個人の/個人,1,Section 57 vocabulary
842,57,ease,easeの意味,実行する,追加,個人の/個人,1,Section 57 vocabulary
843,57,relieve,relieveの意味,adventureの意味,促す,strokeの意味,1,Section 57 vocabulary
844,57,sadness,sadnessの意味,体,meditationの意味,すばらしい,1,Section 57 vocabulary
845,57,desperate,desperateの意味,支配する,comedyの意味,moleculeの意味,1,Section 57 vocabulary
846,57,grief,深い悲しみ,信頼できる,熱望して,harassmentの意味,1,Section 57 vocabulary
847,57,reveal,revealの意味,大気,swiftの意味,cheatの意味,1,Section 57 vocabulary
848,57,unlock,unlockの意味,免疫のある,大気,trivialの意味,1,Section 57 vocabulary
849,57,incident,incidentの意味,instantlyの意味,割合,部分的に,1,Section 57 vocabulary
850,57,accidentally,accidentallyの意味,dementiaの意味,photographの意味,通過する,1,Section 57 vocabulary
851,57,fond,好きで,registerの意味,receptionの意味,shapeの意味,1,Section 57 vocabulary
852,58,industry,industryの意味,trivialの意味,健康,関係,1,Section 58 vocabulary
853,58,combine,結合する,明白な/質素な,ほのめかす,longevityの意味,1,Section 58 vocabulary
854,58,assemble,assembleの意味,偏見,定義する,unlikelyの意味,1,Section 58 vocabulary
855,58,minor,minorの意味,convertの意味,geneticの意味,neglectの意味,1,Section 58 vocabulary
856,58,trivial,trivialの意味,artificialの意味,成績/等級,資金,1,Section 58 vocabulary
857,58,patient,患者/忍耐強い,ウイルス,わずかに,進歩,1,Section 58 vocabulary
858,58,hybrid,hybridの意味,inhabitの意味,obligationの意味,sensitiveの意味,1,Section 58 vocabulary
859,58,prosperity,prosperityの意味,提案する・示唆する,部分的な,machineの意味,1,Section 58 vocabulary
860,58,mostly,mostlyの意味,犠牲・通行料,triumphの意味,あいまいな,1,Section 58 vocabulary
861,58,indeed,indeedの意味,calculationの意味,ecosystemの意味,機会,1,Section 58 vocabulary
862,58,central,中心的な,temporaryの意味,器具/楽器,野菜,1,Section 58 vocabulary
863,58,inner,innerの意味,crossの意味,特徴,旅行する,1,Section 58 vocabulary
864,58,interior,interiorの意味,絶えず,expeditionの意味,案内する/案内人,1,Section 58 vocabulary
865,58,maintain,維持する/主張する,選ぶ,adjacentの意味,unexpectedの意味,1,Section 58 vocabulary
866,58,renew,renewの意味,mudの意味,取り消す,profileの意味,1,Section 58 vocabulary
867,58,passion,情熱,影響,hydrogenの意味,scentの意味,1,Section 58 vocabulary
868,58,pollution,汚染,fictionの意味,特徴,予備の/空いている,1,Section 58 vocabulary
869,58,accomplishment,accomplishmentの意味,原因・引き起こす,unexpectedの意味,含む,1,Section 58 vocabulary
870,59,accomplish,accomplishの意味,収穫する,fictionの意味,進化する,1,Section 59 vocabulary
871,59,progress,進歩,evidenceの意味,呼吸する,engineの意味,1,Section 59 vocabulary
872,59,origin,起源,信用・功績,merelyの意味,特徴,1,Section 59 vocabulary
873,59,accelerate,accelerateの意味,infiniteの意味,internetの意味,transitionの意味,1,Section 59 vocabulary
874,59,promote,促進する,temporaryの意味,hemisphereの意味,artificialの意味,1,Section 59 vocabulary
875,59,ancestor,祖先,気が進まない,休む・残り,circulationの意味,1,Section 59 vocabulary
876,59,unknown,unknownの意味,vividの意味,potentialの意味,感情,1,Section 59 vocabulary
877,59,plain,明白な/質素な,接触,覚えている,記事,1,Section 59 vocabulary
878,59,eager,熱望して,difficultの意味,sophisticatedの意味,起源,1,Section 59 vocabulary
879,59,willing,進んで?する,前の,戻る,interfereの意味,1,Section 59 vocabulary
880,59,reluctant,気が進まない,currencyの意味,conceiveの意味,嫌う,1,Section 59 vocabulary
881,59,passion,情熱,regionの意味,accompanyの意味,imaginaryの意味,1,Section 59 vocabulary
882,59,pollution,汚染,支配する,foundationの意味,出発する,1,Section 59 vocabulary
883,59,humble,humbleの意味,最新の/最も遅く,nonsenseの意味,notionの意味,1,Section 59 vocabulary
884,59,modest,謙虚な,他の場所で,tokenの意味,〜だけれども,1,Section 59 vocabulary
885,59,attain,attainの意味,完成させる,mostlyの意味,dangerousの意味,1,Section 59 vocabulary
886,59,inner,innerの意味,meditationの意味,自信がある,囲む,1,Section 59 vocabulary
887,60,insurance,insuranceの意味,燃料,imagineの意味,不安な,1,Section 60 vocabulary
888,60,interpret,通訳する/解釈する,遺伝子,eraの意味,sequenceの意味,1,Section 60 vocabulary
889,60,convert,convertの意味,spanの意味,特別な,信仰/信頼,1,Section 60 vocabulary
890,60,standardize,standardizeの意味,攻撃,confrontの意味,temptの意味,1,Section 60 vocabulary
891,60,undoubtedly,undoubtedlyの意味,消化する,afterwardsの意味,graceの意味,1,Section 60 vocabulary
892,60,positive,前向きな,detailの意味,harmの意味,罰,1,Section 60 vocabulary
893,60,negative,否定的な,educateの意味,corporateの意味,臓器,1,Section 60 vocabulary
894,60,employment,employmentの意味,傾く,sincereの意味,橋,1,Section 60 vocabulary
895,60,invest,investの意味,信仰/信頼,moodの意味,aspirationの意味,1,Section 60 vocabulary
896,60,fund,資金,transmitの意味,chiefの意味,authorの意味,1,Section 60 vocabulary
897,60,intention,intentionの意味,correspondの意味,保護する,健康な,1,Section 60 vocabulary
898,60,influence,影響,種,linguisticの意味,誤った,1,Section 60 vocabulary
899,60,limitation,limitationの意味,exerciseの意味,distributeの意味,完成させる,1,Section 60 vocabulary
900,60,aspiration,aspirationの意味,shapeの意味,assertの意味,artificialの意味,1,Section 60 vocabulary
901,61,replace,replaceの意味,頼る,altitudeの意味,knightの意味,1,Section 61 vocabulary
902,61,displace,displaceの意味,transitionの意味,取引,選ぶ,1,Section 61 vocabulary
903,61,aspect,aspectの意味,balanceの意味,investigateの意味,interfereの意味,1,Section 61 vocabulary
904,61,agent,agentの意味,anticipateの意味,nonethelessの意味,いくぶん,1,Section 61 vocabulary
905,61,agency,agencyの意味,健康,infinitelyの意味,公の/一般の人,1,Section 61 vocabulary
906,61,sufficient,sufficientの意味,sincereの意味,mergeの意味,damageの意味,1,Section 61 vocabulary
907,61,adequate,adequateの意味,古代の,裕福な,dangerousの意味,1,Section 61 vocabulary
908,61,adjustment,adjustmentの意味,statisticsの意味,dimensionの意味,chiefの意味,1,Section 61 vocabulary
909,61,subject,subjectの意味,瞬間,missの意味,swiftの意味,1,Section 61 vocabulary
910,61,transfer,transferの意味,industryの意味,隠す・仮面,性,1,Section 61 vocabulary
911,61,transition,transitionの意味,colonyの意味,observationの意味,職業,1,Section 61 vocabulary
912,61,artist,芸術家,supernaturalの意味,rangeの意味,勇敢な,1,Section 61 vocabulary
913,61,statistic,statisticの意味,不思議に思う,高価な,浅い,1,Section 61 vocabulary
914,61,economical,economicalの意味,diffuseの意味,上向きに,犠牲,1,Section 61 vocabulary
915,61,economics,economicsの意味,人口,ariseの意味,主に,1,Section 61 vocabulary
916,62,infant,infantの意味,関係,商業の/CM,pajamasの意味,1,Section 62 vocabulary
917,62,feeding,feedingの意味,紹介する,広がる/広げる,由来する,1,Section 62 vocabulary
918,62,play,playの意味,restoreの意味,大人,floatの意味,1,Section 62 vocabulary
919,62,practically,practicallyの意味,economicsの意味,deliverの意味,隠れる/隠す,1,Section 62 vocabulary
920,62,alike,似ている,tinyの意味,飢え,地域社会/共同体,1,Section 62 vocabulary
921,62,similar,似ている,誤った,featureの意味,accurateの意味,1,Section 62 vocabulary
922,62,ignore,無視する,communicationの意味,landscapeの意味,異なる,1,Section 62 vocabulary
923,62,neglect,neglectの意味,outstandingの意味,苦闘する,enhanceの意味,1,Section 62 vocabulary
924,62,ordinary,普通の,congressionの意味,含む,sphereの意味,1,Section 62 vocabulary
925,62,detect,detectの意味,obesityの意味,頼む,resumeの意味,1,Section 62 vocabulary
926,62,complete,完成させる,取り消す,減らす,displaceの意味,1,Section 62 vocabulary
927,62,account,説明・口座,edgeの意味,技術,imaginaryの意味,1,Section 62 vocabulary
928,63,quality,質,photographの意味,petitionの意味,身体の,1,Section 63 vocabulary
929,63,principle,原理,playの意味,候補者,避けられない,1,Section 63 vocabulary
930,63,agenda,agendaの意味,exerciseの意味,shelterの意味,accelerateの意味,1,Section 63 vocabulary
931,63,threat,脅威,費用,裁判官,alternativeの意味,1,Section 63 vocabulary
932,63,indicate,示す,隠す・仮面,公の/一般の人,成績/等級,1,Section 63 vocabulary
933,63,present,presentの意味,細い,impulseの意味,shelterの意味,1,Section 63 vocabulary
934,63,emerge,emergeの意味,前提,変化,schemeの意味,1,Section 63 vocabulary
935,63,distinction,distinctionの意味,微小な・分,featureの意味,効率的な,1,Section 63 vocabulary
936,63,difficult,difficultの意味,発見する,むしろ・かなり,nonsenseの意味,1,Section 63 vocabulary
937,63,ethnic,民族の,よく知っている,obligationの意味,perspectiveの意味,1,Section 63 vocabulary
938,63,esteem,esteemの意味,方言,免疫のある,roastの意味,1,Section 63 vocabulary
939,64,social,社会の,moodの意味,燃料,contraryの意味,1,Section 64 vocabulary
940,64,dominant,dominantの意味,imaginaryの意味,大学生,backwardの意味,1,Section 64 vocabulary
941,64,brilliant,brilliantの意味,sympathyの意味,sequenceの意味,implicitの意味,1,Section 64 vocabulary
942,64,utterly,utterlyの意味,建設する,成績/等級,従う,1,Section 64 vocabulary
943,64,cruel,cruelの意味,sufficientの意味,ポケット,維持する,1,Section 64 vocabulary
944,64,congression,congressionの意味,congestionの意味,lengthの意味,attemptの意味,1,Section 64 vocabulary
945,64,obligation,obligationの意味,rigidの意味,beautyの意味,circleの意味,1,Section 64 vocabulary
946,64,outside,外で/外の,資金,standardizeの意味,employmentの意味,1,Section 64 vocabulary
947,64,exit,出口,particleの意味,extremelyの意味,phraseの意味,1,Section 64 vocabulary
948,64,confine,confineの意味,おそらく,利益,逃れる,1,Section 64 vocabulary
949,64,emphasize,emphasizeの意味,essentiallyの意味,財政の,accompanyの意味,1,Section 64 vocabulary
950,64,crowd,群衆,economicsの意味,医療,かなり,1,Section 64 vocabulary
951,64,congestion,congestionの意味,上がる,registerの意味,neverthelessの意味,1,Section 64 vocabulary
952,64,offer,提供する/申し出る,accomplishの意味,invasionの意味,resortの意味,1,Section 64 vocabulary
953,65,highlight,highlightの意味,むしろ・かなり,activeの意味,sincereの意味,1,Section 65 vocabulary
954,65,underline,underlineの意味,brieflyの意味,leadershipの意味,noisyの意味,1,Section 65 vocabulary
955,65,stand,standの意味,distressの意味,信じる,問題,1,Section 65 vocabulary
956,65,quality,質,pillowの意味,indeedの意味,transitionの意味,1,Section 65 vocabulary
957,65,scent,scentの意味,従う,memoryの意味,verticalの意味,1,Section 65 vocabulary
958,65,forward,前方へ/促進する,反応する,emphasizeの意味,dirtの意味,1,Section 65 vocabulary
959,65,afterwards,afterwardsの意味,supporterの意味,frequentの意味,共通の,1,Section 65 vocabulary
960,65,behave,振る舞う,schemeの意味,indispensableの意味,特徴,1,Section 65 vocabulary
961,65,hide,隠れる/隠す,emphasizeの意味,分ける,結合する,1,Section 65 vocabulary
962,65,imagine,imagineの意味,swiftの意味,evaporateの意味,whisperの意味,1,Section 65 vocabulary
963,65,grief,深い悲しみ,transformの意味,保護,社会の,1,Section 65 vocabulary
964,65,emotion,感情,meditationの意味,brieflyの意味,petitionの意味,1,Section 65 vocabulary
965,66,frequent,frequentの意味,restoreの意味,shiftの意味,definitelyの意味,1,Section 66 vocabulary
966,66,inn,innの意味,insuranceの意味,swingの意味,sensitiveの意味,1,Section 66 vocabulary
967,66,board,boardの意味,怒らせる,authenticの意味,延期する,1,Section 66 vocabulary
968,66,equivalent,equivalentの意味,congressionの意味,transitionの意味,dimensionの意味,1,Section 66 vocabulary
969,66,accommodation,accommodationの意味,interfereの意味,clinicianの意味,不可欠の,1,Section 66 vocabulary
970,66,overnight,一晩中,いらだたせる,現代の,exerciseの意味,1,Section 66 vocabulary
971,66,establish,establishの意味,案内する/案内人,罰する,親戚,1,Section 66 vocabulary
972,66,wander,wanderの意味,particleの意味,slideの意味,commissionの意味,1,Section 66 vocabulary
973,66,transform,transformの意味,maximumの意味,排他的な,infrastructureの意味,1,Section 66 vocabulary
974,66,transmit,transmitの意味,定義,innovationの意味,報告する/報告,1,Section 66 vocabulary
975,66,accompany,accompanyの意味,frequentの意味,playの意味,agencyの意味,1,Section 66 vocabulary
976,66,civil,civilの意味,figureの意味,indispensableの意味,geneticの意味,1,Section 66 vocabulary
977,66,comedy,comedyの意味,resortの意味,temptの意味,眉,1,Section 66 vocabulary
978,66,humor,ユーモア,utterの意味,attainの意味,一般的な,1,Section 66 vocabulary
979,66,tragic,tragicの意味,computeの意味,特定の,accelerateの意味,1,Section 66 vocabulary
980,67,missionary,missionaryの意味,役割,commuteの意味,芸術家,1,Section 67 vocabulary
981,67,coincidence,coincidenceの意味,foundationの意味,守る,rapidの意味,1,Section 67 vocabulary
982,67,fellow,fellowの意味,administerの意味,prosperityの意味,moodの意味,1,Section 67 vocabulary
983,67,peer,peerの意味,基礎,門,文化,1,Section 67 vocabulary
984,67,passenger,乗客,接触,完成させる,決して〜ない,1,Section 67 vocabulary
985,67,function,functionの意味,召使い,delicateの意味,バイリンガル,1,Section 67 vocabulary
986,67,afraid,afraidの意味,受け取る,快適さ/慰める,前提,1,Section 67 vocabulary
987,67,dialect,方言,abandonの意味,driftの意味,課題・挑戦,1,Section 67 vocabulary
988,67,accent,accentの意味,missionaryの意味,研究者,嫌う,1,Section 67 vocabulary
989,67,linguistic,linguisticの意味,親切/好意,よく知っている,あえて〜する,1,Section 67 vocabulary
990,67,bilingual,バイリンガル,imaginaryの意味,高さ,infantの意味,1,Section 67 vocabulary
991,67,noisy,noisyの意味,同意,infrastructureの意味,適切な,1,Section 67 vocabulary
992,67,bury,埋める,深く,気が進まない,物語,1,Section 67 vocabulary
993,67,favor,親切/好意,processの意味,発展,かなり,1,Section 67 vocabulary
994,67,countless,countlessの意味,somehowの意味,lengthの意味,intentionの意味,1,Section 67 vocabulary
995,68,gallery,galleryの意味,artificialの意味,個人の/個人,決して〜ない,1,Section 68 vocabulary
996,68,petition,petitionの意味,定義する,特有の,bendの意味,1,Section 68 vocabulary
997,68,commission,commissionの意味,旅行する,マスメディア,性別,1,Section 68 vocabulary
998,68,authority,authorityの意味,役に立つ,健康,社会の,1,Section 68 vocabulary
999,68,medieval,medievalの意味,（外国からの）移住/入国,remedyの意味,adoreの意味,1,Section 68 vocabulary
1000,68,knight,knightの意味,近くの/近くに,消化する,emissionの意味,1,Section 68 vocabulary
1001,68,lord,lordの意味,余裕がある,免疫のある,効果的な,1,Section 68 vocabulary
1002,68,admire,admireの意味,amusementの意味,inhabitの意味,surprisinglyの意味,1,Section 68 vocabulary
1003,68,congratulation,congratulationの意味,mostlyの意味,aspectの意味,分類する,1,Section 68 vocabulary
1004,68,sympathy,sympathyの意味,比較する,transferの意味,steamの意味,1,Section 68 vocabulary
1005,68,empathy,empathyの意味,assembleの意味,referの意味,示す,1,Section 68 vocabulary
1006,68,attend,出席する,sensibleの意味,commandの意味,幻想,1,Section 68 vocabulary
1007,68,affordable,affordableの意味,journeyの意味,missの意味,手段,1,Section 68 vocabulary
1008,68,faculty,facultyの意味,mudの意味,settleの意味,disciplineの意味,1,Section 68 vocabulary
1009,68,overwork,overworkの意味,carveの意味,paradoxの意味,overlookの意味,1,Section 68 vocabulary
1010,69,milestone,milestoneの意味,sequenceの意味,dominantの意味,収穫する,1,Section 69 vocabulary
1011,69,accumulate,accumulateの意味,振る舞う,diagnoseの意味,packの意味,1,Section 69 vocabulary
1012,69,contrast,contrastの意味,ポケット,sequenceの意味,dampの意味,1,Section 69 vocabulary
1013,69,calculation,calculationの意味,conceiveの意味,取り除く,altitudeの意味,1,Section 69 vocabulary
1014,69,statistics,statisticsの意味,驚かせる,前方へ/促進する,毒,1,Section 69 vocabulary
1015,69,compute,computeの意味,resolveの意味,医療,regulationの意味,1,Section 69 vocabulary
1016,69,latest,最新の/最も遅く,高価な,頬,信頼できる,1,Section 69 vocabulary
1017,69,unprecedented,unprecedentedの意味,transformの意味,公の/一般の人,predictionの意味,1,Section 69 vocabulary
1018,69,principle,原理,選ぶ,tragicの意味,arrayの意味,1,Section 69 vocabulary
1019,69,ideology,ideologyの意味,difficultの意味,freedomの意味,中心的な,1,Section 69 vocabulary
1020,69,regime,regimeの意味,不思議に思う,rhythmの意味,opposeの意味,1,Section 69 vocabulary
1021,69,nevertheless,neverthelessの意味,生み出す,countrysideの意味,conceptの意味,1,Section 69 vocabulary
1022,69,nonetheless,nonethelessの意味,hookの意味,strokeの意味,手段,1,Section 69 vocabulary
1023,69,genius,geniusの意味,障害,pillowの意味,scentの意味,1,Section 69 vocabulary
1024,70,scratch,scratchの意味,定義,選ぶ,特別な,1,Section 70 vocabulary
1025,70,stain,stainの意味,shiftの意味,clickの意味,calculationの意味,1,Section 70 vocabulary
1026,70,prepare,準備する,gapeの意味,親密な,明らかな,1,Section 70 vocabulary
1027,70,utter,utterの意味,soarの意味,退ける,無視する,1,Section 70 vocabulary
1028,70,oral,口頭の,grindの意味,調査する,currencyの意味,1,Section 70 vocabulary
1029,70,verbal,言葉の,実行する,消化する,administerの意味,1,Section 70 vocabulary
1030,70,guide,案内する/案内人,independentの意味,economicsの意味,大気,1,Section 70 vocabulary
1031,70,guideline,guidelineの意味,journeyの意味,政治の,sanctuaryの意味,1,Section 70 vocabulary
1032,70,imaginative,imaginativeの意味,resortの意味,brilliantの意味,attemptの意味,1,Section 70 vocabulary
1033,70,conceive,conceiveの意味,utterの意味,方言,congressionの意味,1,Section 70 vocabulary
1034,70,fantasy,空想,根,否定的な,prominentの意味,1,Section 70 vocabulary
1035,70,illusion,幻想,essentiallyの意味,summarizeの意味,clinicの意味,1,Section 70 vocabulary
1036,70,routinely,routinelyの意味,sadnessの意味,気温,逮捕する,1,Section 70 vocabulary
1037,70,brute,bruteの意味,振る舞う,summarizeの意味,industryの意味,1,Section 70 vocabulary
1038,70,cheat,cheatの意味,sanctuaryの意味,emergeの意味,grantの意味,1,Section 70 vocabulary
1039,71,revolution,回転/革命,relieveの意味,discriminateの意味,建造物/構造,1,Section 71 vocabulary
1040,71,orbit,orbitの意味,準備する,dominateの意味,誕生,1,Section 71 vocabulary
1041,71,spin,spinの意味,sphereの意味,availableの意味,ゆるい,1,Section 71 vocabulary
1042,71,innovation,innovationの意味,納得させる,scentの意味,hopefulの意味,1,Section 71 vocabulary
1043,71,dramatic,dramaticの意味,気が進まない,バレエ,compoundの意味,1,Section 71 vocabulary
1044,71,settle,settleの意味,contemporaryの意味,招待する,embarkの意味,1,Section 71 vocabulary
1045,71,shelter,shelterの意味,疑わしい,大人,balanceの意味,1,Section 71 vocabulary
1046,71,recruit,recruitの意味,adjustmentの意味,collectiveの意味,結合する,1,Section 71 vocabulary
1047,71,expect,期待する,countlessの意味,subscribeの意味,材料,1,Section 71 vocabulary
1048,71,unexpected,unexpectedの意味,医学の,過去の,生み出す,1,Section 71 vocabulary
1049,71,workforce,workforceの意味,spontaneouslyの意味,召使い,temptの意味,1,Section 71 vocabulary
1050,71,overtime,overtimeの意味,classicの意味,roastの意味,頼る,1,Section 71 vocabulary
1051,71,endless,endlessの意味,方言,worthの意味,比率,1,Section 71 vocabulary
1052,71,infinite,infiniteの意味,苦闘する,agentの意味,bondの意味,1,Section 71 vocabulary
1053,71,global,地球規模の,会社/仲間,最新の/最も遅く,避ける,1,Section 71 vocabulary
1054,71,epidemic,epidemicの意味,accumulateの意味,harassmentの意味,農業,1,Section 71 vocabulary
1055,71,plague,plagueの意味,trialの意味,〜もまたない,detectの意味,1,Section 71 vocabulary
1056,71,microbe,microbeの意味,reviveの意味,たくましい/難しい,emissionの意味,1,Section 71 vocabulary
1057,71,germ,germの意味,効果的な,forkの意味,fosterの意味,1,Section 71 vocabulary
1058,71,rapid,rapidの意味,impressionの意味,特別な,種,1,Section 71 vocabulary
1059,71,swift,swiftの意味,leadershipの意味,維持する/主張する,failureの意味,1,Section 71 vocabulary
1060,71,burst,burstの意味,employmentの意味,人口,clinicの意味,1,Section 71 vocabulary
1061,71,feedback,feedbackの意味,intellectualの意味,同意,裁判官,1,Section 71 vocabulary
1062,71,meditation,meditationの意味,古代の,予算,swiftの意味,1,Section 71 vocabulary
1063,71,snap,snapの意味,balanceの意味,比較できる,epidemicの意味,1,Section 71 vocabulary
1064,71,merely,merelyの意味,魅了する,細い,foundationの意味,1,Section 71 vocabulary
